[ {
  "Identifier" : "691274445",
  "Title" : "Boneless"
}, {
  "Identifier" : "403840569",
  "Title" : "All of the Lights"
}, {
  "Identifier" : "214696369",
  "Title" : "Before He Cheats"
}, {
  "Identifier" : "260014",
  "Title" : "How Bizarre (Mix)"
}, {
  "Identifier" : "332683295",
  "Title" : "Life's Been Good"
}, {
  "Identifier" : "1061342937",
  "Title" : "Gas (feat. 2 Chainz)"
}, {
  "Identifier" : "464427547",
  "Title" : "Work Out"
}, {
  "Identifier" : "564834722",
  "Title" : "Amen (feat. Drake)"
}, {
  "Identifier" : "pl.476e2699093b4dba80866c77e948e562",
  "Title" : "Celebrate Classical! Mother's Day"
}, {
  "Identifier" : "974187298",
  "Title" : "King Kunta"
}, {
  "Identifier" : "62055150",
  "Title" : "The Hang-Down Curtain"
}, {
  "Identifier" : "1005203647",
  "Title" : "$ave Dat Money (feat. Fetty Wap & Rich Homie Quan)"
}, {
  "Identifier" : "1104588171",
  "Title" : "Black Beatles (feat. Gucci Mane)"
}, {
  "Identifier" : "487946086",
  "Title" : "Levels (Skrillex Remix)"
}, {
  "Identifier" : "459145411",
  "Title" : "Dimming Sky"
}, {
  "Identifier" : "281618873",
  "Title" : "Awnaw (All Hooks Up Version)"
}, {
  "Identifier" : "948398173",
  "Title" : "Come Get Her"
}, {
  "Identifier" : "pl.f4d106fed2bd41149aaacabb233eb5eb",
  "Title" : "Today's Hits"
}, {
  "Identifier" : "580703316",
  "Title" : "Round Here"
}, {
  "Identifier" : "948398177",
  "Title" : "Throw Sum Mo (feat. Nicki Minaj & Young Thug)"
}, {
  "Identifier" : "6548247",
  "Title" : "Ain't Too Proud to Beg (Stereo)"
}, {
  "Identifier" : "1287749941",
  "Title" : "Man's Not Hot"
}, {
  "Identifier" : "948398170",
  "Title" : "No Flex Zone"
}, {
  "Identifier" : "1403517308",
  "Title" : "FEEL."
}, {
  "Identifier" : "268460265",
  "Title" : "She Got the Goldmine (I Got the Shaft)"
}, {
  "Identifier" : "1052966898",
  "Title" : "Howlin' for You"
}, {
  "Identifier" : "1033356564",
  "Title" : "Die a Happy Man"
}, {
  "Identifier" : "1052966897",
  "Title" : "Tighten Up"
}, {
  "Identifier" : "276498851",
  "Title" : "Zumbando Por un Sueño Salsa"
}, {
  "Identifier" : "3445433",
  "Title" : "Bob Wills Is Still the King"
}, {
  "Identifier" : "276498855",
  "Title" : "Santa Que Cumbia"
}, {
  "Identifier" : "1093157662",
  "Title" : "Stay (feat. Maty Noyes)"
}, {
  "Identifier" : "1388854049",
  "Title" : "If You Know You Know"
}, {
  "Identifier" : "1185975876",
  "Title" : "Dhaakad"
}, {
  "Identifier" : "159363560",
  "Title" : "The Humpty Dance"
}, {
  "Identifier" : "915794179",
  "Title" : "The Miracle (Of Joey Ramone)"
}, {
  "Identifier" : "1306096837",
  "Title" : "Highway Tune"
}, {
  "Identifier" : "948398183",
  "Title" : "No Type"
}, {
  "Identifier" : "1306096833",
  "Title" : "Safari Song"
}, {
  "Identifier" : "310120552",
  "Title" : "Rocky Mountain Way"
}, {
  "Identifier" : "1437592180",
  "Title" : "Mona Lisa (feat. Kendrick Lamar)"
}, {
  "Identifier" : "850025794",
  "Title" : "A Backstage Pass"
}, {
  "Identifier" : "276498825",
  "Title" : "Que Te Mueve Merengue"
}, {
  "Identifier" : "771776349",
  "Title" : "Derezzed"
}, {
  "Identifier" : "863596025",
  "Title" : "Cut Her Off (feat. 2 Chainz)"
}, {
  "Identifier" : "pl.c437a29a61764c17a78e2330c9ec46d9",
  "Title" : "Behind the Boards: The Neptunes"
}, {
  "Identifier" : "262161877",
  "Title" : "Paper Planes"
}, {
  "Identifier" : "474653343",
  "Title" : "Marvin & Chardonnay (feat. Kanye West & Roscoe Dash)"
}, {
  "Identifier" : "1034889401",
  "Title" : "O.P.P."
}, {
  "Identifier" : "5842146",
  "Title" : "Boys from Oklahoma"
}, {
  "Identifier" : "915794182",
  "Title" : "Song for Someone"
}, {
  "Identifier" : "6655647",
  "Title" : "Gin and Juice (feat. Dat N***a Daz)"
}, {
  "Identifier" : "1027496944",
  "Title" : "Good Times Roll"
}, {
  "Identifier" : "915794180",
  "Title" : "Every Breaking Wave"
}, {
  "Identifier" : "406192544",
  "Title" : "Recognizer"
}, {
  "Identifier" : "915794181",
  "Title" : "California (There Is No End to Love)"
}, {
  "Identifier" : "406192542",
  "Title" : "The Son of Flynn"
}, {
  "Identifier" : "1143720277",
  "Title" : "Too Much Sauce (feat. Future & Lil Uzi Vert)"
}, {
  "Identifier" : "pl.a3c357c20b3743f6ab167e28795b3f2e",
  "Title" : "Jerry Reed Essentials"
}, {
  "Identifier" : "915794189",
  "Title" : "Iris (Hold Me Close)"
}, {
  "Identifier" : "1118483543",
  "Title" : "Good Time"
}, {
  "Identifier" : "435844809",
  "Title" : "Goodbye Stranger"
}, {
  "Identifier" : "512620400",
  "Title" : "Bayou Boogie"
}, {
  "Identifier" : "459904905",
  "Title" : "She Will (feat. Drake)"
}, {
  "Identifier" : "1437592171",
  "Title" : "Uproar (feat. Swizz Beatz)"
}, {
  "Identifier" : "205989034",
  "Title" : "Mountain Dew"
}, {
  "Identifier" : "673583196",
  "Title" : "Hum To Bhai Jaise Hain"
}, {
  "Identifier" : "80604886",
  "Title" : "I Like It, I Love It"
}, {
  "Identifier" : "1380809736",
  "Title" : "New Light"
}, {
  "Identifier" : "915794194",
  "Title" : "Raised By Wolves"
}, {
  "Identifier" : "310124739",
  "Title" : "I Love the Nightlife (Disco 'Round)"
}, {
  "Identifier" : "51958108",
  "Title" : "Rapper's Delight (7” Single Version)"
}, {
  "Identifier" : "915794192",
  "Title" : "Volcano"
}, {
  "Identifier" : "853041",
  "Title" : "Rocky Mountain Way"
}, {
  "Identifier" : "1291110777",
  "Title" : "Mi Gente (feat. Beyoncé)"
}, {
  "Identifier" : "215944435",
  "Title" : "Smoke! Smoke! Smoke! (That Cigarette)"
}, {
  "Identifier" : "561356001",
  "Title" : "Mercy.1"
}, {
  "Identifier" : "561356000",
  "Title" : "Clique"
}, {
  "Identifier" : "915794197",
  "Title" : "Sleep Like a Baby Tonight"
}, {
  "Identifier" : "1113240357",
  "Title" : "Smoke Break (feat. Future)"
}, {
  "Identifier" : "915794195",
  "Title" : "Cedarwood Road"
}, {
  "Identifier" : "268952341",
  "Title" : "Mountain Dew"
}, {
  "Identifier" : "pl.331a9530925443f5b96f05389a05d62c",
  "Title" : "Backstreet Boys Essentials"
}, {
  "Identifier" : "541953611",
  "Title" : "White (feat. John Mayer)"
}, {
  "Identifier" : "273798382",
  "Title" : "Good Time"
}, {
  "Identifier" : "1205575439",
  "Title" : "Swalla (feat. Nicki Minaj & Ty Dolla $ign)"
}, {
  "Identifier" : "541953612",
  "Title" : "Monks"
}, {
  "Identifier" : "541953613",
  "Title" : "Bad Religion"
}, {
  "Identifier" : "541953614",
  "Title" : "Pink Matter (feat. André 3000)"
}, {
  "Identifier" : "1437592162",
  "Title" : "Dedicate"
}, {
  "Identifier" : "541953615",
  "Title" : "Forrest Gump"
}, {
  "Identifier" : "541953616",
  "Title" : "End"
}, {
  "Identifier" : "378964342",
  "Title" : "Swingtown"
}, {
  "Identifier" : "786489670",
  "Title" : "Turn Down for What"
}, {
  "Identifier" : "pl.d5cde6a062274e069e8a10ac6d30c670",
  "Title" : "Guest List: Dr. Dre"
}, {
  "Identifier" : "549182482",
  "Title" : "Cruise"
}, {
  "Identifier" : "693751191",
  "Title" : "Robot Rock"
}, {
  "Identifier" : "pl.e227112f2bf6422c876fd7710739ae01",
  "Title" : "Sunday Morning Classic Rock"
}, {
  "Identifier" : "1418213383",
  "Title" : "Nice For What"
}, {
  "Identifier" : "1051285596",
  "Title" : "Chinese Music"
}, {
  "Identifier" : "327806632",
  "Title" : "Play Something Country"
}, {
  "Identifier" : "404399338",
  "Title" : "The Son of Flynn"
}, {
  "Identifier" : "pl.b7ae3e0a28e84c5c96c4284b6a6c70af",
  "Title" : "The A-List: R&B"
}, {
  "Identifier" : "1373517312",
  "Title" : "Psycho (feat. Ty Dolla $ign)"
}, {
  "Identifier" : "1147713712",
  "Title" : "The Day the World Went Away"
}, {
  "Identifier" : "1147713717",
  "Title" : "Just Like You Imagined"
}, {
  "Identifier" : "622711138",
  "Title" : "Swimming Pools (Drank) [Bonus Track]"
}, {
  "Identifier" : "404399366",
  "Title" : "End of Line"
}, {
  "Identifier" : "309416463",
  "Title" : "Signs"
}, {
  "Identifier" : "1223592492",
  "Title" : "DNA."
}, {
  "Identifier" : "276498869",
  "Title" : "U.S.A. Tribute Country / Rock and Roll"
}, {
  "Identifier" : "304737246",
  "Title" : "Pass the Courvoisier, Pt. 2 (Remix Version) [feat. P. Diddy & Pharrell]"
}, {
  "Identifier" : "259754054",
  "Title" : "Last Dollar (Fly Away)"
}, {
  "Identifier" : "1223592496",
  "Title" : "LOYALTY. (FEAT. RIHANNA.)"
}, {
  "Identifier" : "140939192",
  "Title" : "I've Seen All Good People: A. Your Move, B. All Good People"
}, {
  "Identifier" : "1222152237",
  "Title" : "Last Thing I Needed, First Thing This Morning"
}, {
  "Identifier" : "1223592498",
  "Title" : "HUMBLE."
}, {
  "Identifier" : "1122349658",
  "Title" : "Grindin' All My Life"
}, {
  "Identifier" : "1222152235",
  "Title" : "Broken Halos"
}, {
  "Identifier" : "1249546109",
  "Title" : "Rake It Up (feat. Nicki Minaj)"
}, {
  "Identifier" : "185989540",
  "Title" : "Willie, Waylon and Me"
}, {
  "Identifier" : "965916296",
  "Title" : "Flex (Ooh, Ooh, Ooh)"
}, {
  "Identifier" : "470944511",
  "Title" : "Glad You Came"
}, {
  "Identifier" : "410630200",
  "Title" : "The Rocky Road to Dublin (Live)"
}, {
  "Identifier" : "2013482",
  "Title" : "Suga Suga"
}, {
  "Identifier" : "276498870",
  "Title" : "Zumbalicious Salsa / Reggaeton"
}, {
  "Identifier" : "424853660",
  "Title" : "Tonight Tonight"
}, {
  "Identifier" : "504709664",
  "Title" : "Call Me Maybe"
}, {
  "Identifier" : "pl.3cb881c4590341fabc374f003afaf2b4",
  "Title" : "Essential '60s Soul"
}, {
  "Identifier" : "1441462781",
  "Title" : "East Bound And Down"
}, {
  "Identifier" : "254560485",
  "Title" : "She Thinks My Tractor's Sexy"
}, {
  "Identifier" : "541953604",
  "Title" : "Pilot Jones"
}, {
  "Identifier" : "1423345076",
  "Title" : "Rocky Mountain Way"
}, {
  "Identifier" : "541953605",
  "Title" : "Crack Rock"
}, {
  "Identifier" : "541953607",
  "Title" : "Pyramids"
}, {
  "Identifier" : "541953608",
  "Title" : "Lost"
}, {
  "Identifier" : "276498872",
  "Title" : "Alegria Pa Zumbar Samba"
}, {
  "Identifier" : "1319489592",
  "Title" : "FEEL."
}, {
  "Identifier" : "548102708",
  "Title" : "I Luv Dem Strippers (feat. Nicki Minaj)"
}, {
  "Identifier" : "1374749437",
  "Title" : "iSpy (feat. Lil Yachty)"
}, {
  "Identifier" : "1247642556",
  "Title" : "Red Light Green Light (Bonus Track)"
}, {
  "Identifier" : "1254351757",
  "Title" : "Bank Account"
}, {
  "Identifier" : "526905393",
  "Title" : "In My Mind (Axwell Mix)"
}, {
  "Identifier" : "295629107",
  "Title" : "Chicken Fried"
}, {
  "Identifier" : "201873300",
  "Title" : "What Do Ya Think About That"
}, {
  "Identifier" : "716018400",
  "Title" : "Save the World (Zedd Remix)"
}, {
  "Identifier" : "963397692",
  "Title" : "I Don't F**k With You (feat. E-40)"
}, {
  "Identifier" : "395740962",
  "Title" : "In the Hall of the Mountain King"
}, {
  "Identifier" : "963397690",
  "Title" : "Blessings (feat. Drake)"
}, {
  "Identifier" : "1206479492",
  "Title" : "Freya Purr's"
}, {
  "Identifier" : "1206479493",
  "Title" : "Music for Cats"
}, {
  "Identifier" : "947461906",
  "Title" : "María Caipirinha (House Samba - 133 bpm)"
}, {
  "Identifier" : "1175539538",
  "Title" : "Clay"
}, {
  "Identifier" : "1412873324",
  "Title" : "I'll Fly Away"
}, {
  "Identifier" : "1175539537",
  "Title" : "I Don't Know My Name"
}, {
  "Identifier" : "1412873326",
  "Title" : "Spaceship (feat. GLC & Consequence)"
}, {
  "Identifier" : "1175539539",
  "Title" : "Light the Sky"
}, {
  "Identifier" : "206497618",
  "Title" : "Rocky Mountain"
}, {
  "Identifier" : "251002253",
  "Title" : "Ring of Fire"
}, {
  "Identifier" : "899246115",
  "Title" : "0 To 100 / The Catch Up"
}, {
  "Identifier" : "1441178213",
  "Title" : "thank u, next"
}, {
  "Identifier" : "712173743",
  "Title" : "The Road Goes On Forever"
}, {
  "Identifier" : "1388854215",
  "Title" : "What Would Meek Do? (feat. Kanye West)"
}, {
  "Identifier" : "879705668",
  "Title" : "How To Be the Man (feat. Slim Thug & Paul Wall) [Houston Remix]"
}, {
  "Identifier" : "1421242781",
  "Title" : "SICKO MODE"
}, {
  "Identifier" : "604814341",
  "Title" : "Tunak Tunak Tun"
}, {
  "Identifier" : "1158822797",
  "Title" : "Nachange Saari Raat"
}, {
  "Identifier" : "1291127340",
  "Title" : "Mi Gente (feat. Beyoncé)"
}, {
  "Identifier" : "1158822798",
  "Title" : "Mujhko Barsaat Bana Lo"
}, {
  "Identifier" : "900774893",
  "Title" : "Rocky Top"
}, {
  "Identifier" : "3678196",
  "Title" : "Devil's Right Hand"
}, {
  "Identifier" : "1143222556",
  "Title" : "The Rocky Road to Dublin (Live)"
}, {
  "Identifier" : "1379046390",
  "Title" : "This Is America"
}, {
  "Identifier" : "1291596953",
  "Title" : "What Makes You Country"
}, {
  "Identifier" : "308522291",
  "Title" : "Everybody (Backstreet's Back) [Extended Version]"
}, {
  "Identifier" : "1206479496",
  "Title" : "Autumn Aura"
}, {
  "Identifier" : "1155976749",
  "Title" : "Queso Blanco"
}, {
  "Identifier" : "1206479497",
  "Title" : "Meoween!"
}, {
  "Identifier" : "1206479494",
  "Title" : "We're Dreaming"
}, {
  "Identifier" : "1206479495",
  "Title" : "Ronja Sings"
}, {
  "Identifier" : "469517997",
  "Title" : "Red Solo Cup"
}, {
  "Identifier" : "1206479498",
  "Title" : "Red Ribbon"
}, {
  "Identifier" : "1206479499",
  "Title" : "Apocalypse Meow!"
}, {
  "Identifier" : "1175539540",
  "Title" : "Beautiful Thing"
}, {
  "Identifier" : "1339828402",
  "Title" : "Mo Bamba"
}, {
  "Identifier" : "1130322192",
  "Title" : "Jiya Jale"
}, {
  "Identifier" : "1119070354",
  "Title" : "Baby Ko Bass Pasand Hai"
}, {
  "Identifier" : "1154144442",
  "Title" : "You Want It Darker"
}, {
  "Identifier" : "879705660",
  "Title" : "Tip Toe Wing In My Jawwdinz"
}, {
  "Identifier" : "1119070358",
  "Title" : "Jag Ghoomeya"
}, {
  "Identifier" : "1384782182",
  "Title" : "Yes Indeed"
}, {
  "Identifier" : "1125497068",
  "Title" : "Santeria"
}, {
  "Identifier" : "578036592",
  "Title" : "I Don't Like (feat. Lil Reese)"
}, {
  "Identifier" : "1368156577",
  "Title" : "Bodak Yellow"
}, {
  "Identifier" : "1412873592",
  "Title" : "The New Workout Plan"
}, {
  "Identifier" : "1412873593",
  "Title" : "Slow Jamz"
}, {
  "Identifier" : "395918958",
  "Title" : "Faith (2010 Remastered Version)"
}, {
  "Identifier" : "1244230127",
  "Title" : "I'm the One (feat. Justin Bieber, Quavo, Chance the Rapper & Lil Wayne)"
}, {
  "Identifier" : "332853273",
  "Title" : "Genius of Love"
}, {
  "Identifier" : "947648738",
  "Title" : "Truffle Butter (feat. Drake & Lil Wayne)"
}, {
  "Identifier" : "886259215",
  "Title" : "Lifestyle (feat. Young Thug & Rich Homie Quan)"
}, {
  "Identifier" : "1140047200",
  "Title" : "Khair Mangda"
}, {
  "Identifier" : "1274453063",
  "Title" : "Nobody Like You"
}, {
  "Identifier" : "578036590",
  "Title" : "Love Sosa"
}, {
  "Identifier" : "834595346",
  "Title" : "Fancy (feat. Charli XCX)"
}, {
  "Identifier" : "574124819",
  "Title" : "It's a Long Way to the Top (If You Wanna Rock 'N' Roll)"
}, {
  "Identifier" : "273166378",
  "Title" : "9 to 5"
}, {
  "Identifier" : "1405366930",
  "Title" : "In My Feelings"
}, {
  "Identifier" : "1089053403",
  "Title" : "All the Way Up (feat. French Montana & Infared)"
}, {
  "Identifier" : "190654007",
  "Title" : "Whiskey Man"
}, {
  "Identifier" : "pl.0d4aee5424c74d29ad15252eeb43d3b1",
  "Title" : "Feeling Happy"
}, {
  "Identifier" : "402749493",
  "Title" : "Right Above It (feat. Drake)"
}, {
  "Identifier" : "401136642",
  "Title" : "Taxman"
}, {
  "Identifier" : "1182133616",
  "Title" : "Sweetwater"
}, {
  "Identifier" : "1238515303",
  "Title" : "Rain Come Down"
}, {
  "Identifier" : "344598675",
  "Title" : "Operator"
}, {
  "Identifier" : "1182133615",
  "Title" : "Main Title Theme - Westworld"
}, {
  "Identifier" : "574050602",
  "Title" : "Back In Black"
}, {
  "Identifier" : "544744729",
  "Title" : "Pecos Promenade"
}, {
  "Identifier" : "pl.u-2aoqXgauGARdkZ",
  "Title" : "BALLIN"
}, {
  "Identifier" : "719237316",
  "Title" : "Do You Love Me (Now That I Can Dance) (Remastered)"
}, {
  "Identifier" : "651105987",
  "Title" : "Crooked Smile (feat. TLC)"
}, {
  "Identifier" : "1197530130",
  "Title" : "I'm Better (feat. Lamb)"
}, {
  "Identifier" : "883439326",
  "Title" : "Believe Me (feat. Drake)"
}, {
  "Identifier" : "1441493468",
  "Title" : "Pusher Love Girl"
}, {
  "Identifier" : "1088788689",
  "Title" : "Let's Nacho"
}, {
  "Identifier" : "1406109901",
  "Title" : "In My Feelings"
}, {
  "Identifier" : "1441493469",
  "Title" : "Suit & Tie (feat. JAY-Z)"
}, {
  "Identifier" : "1155181842",
  "Title" : "Big Amount (feat. Drake)"
}, {
  "Identifier" : "1113239702",
  "Title" : "D.R.A.M. Sings Special"
}, {
  "Identifier" : "1088788681",
  "Title" : "Kar Gayi Chull"
}, {
  "Identifier" : "725803847",
  "Title" : "Everybody Wants You"
}, {
  "Identifier" : "1113239704",
  "Title" : "Blessings"
}, {
  "Identifier" : "574124824",
  "Title" : "T.N.T."
}, {
  "Identifier" : "517049511",
  "Title" : "Mercy (feat. Big Sean, Pusha T & 2 Chainz)"
}, {
  "Identifier" : "1240982824",
  "Title" : "Big Amount (feat. Drake)"
}, {
  "Identifier" : "216114464",
  "Title" : "Renegade"
}, {
  "Identifier" : "pl.325add15d45444df9535c07f65424764",
  "Title" : "Kanye West: Next Steps"
}, {
  "Identifier" : "308777004",
  "Title" : "Gin and Juice"
}, {
  "Identifier" : "1441493413",
  "Title" : "Drink You Away"
}, {
  "Identifier" : "254838458",
  "Title" : "Amos Moses"
}, {
  "Identifier" : "308522484",
  "Title" : "All I Have to Give"
}, {
  "Identifier" : "201275161",
  "Title" : "Hip Hop Star (feat. Big Boi & Sleepy Brown)"
}, {
  "Identifier" : "264720124",
  "Title" : "Kids"
}, {
  "Identifier" : "1146718345",
  "Title" : "Wyclef Jean"
}, {
  "Identifier" : "902676232",
  "Title" : "Purgatory Drive"
}, {
  "Identifier" : "162625331",
  "Title" : "Cobrastyle (feat. Mad Cobra)"
}, {
  "Identifier" : "827919610",
  "Title" : "Not a Bad Thing"
}, {
  "Identifier" : "1278340555",
  "Title" : "Nobody Like You"
}, {
  "Identifier" : "1167163164",
  "Title" : "Front & Center"
}, {
  "Identifier" : "403822532",
  "Title" : "See Me Now (feat. Beyoncé, Charlie Wilson & Big Sean) [Bonus Track]"
}, {
  "Identifier" : "1125497064",
  "Title" : "Wrong Way"
}, {
  "Identifier" : "1125497063",
  "Title" : "What I Got"
}, {
  "Identifier" : "1169015776",
  "Title" : "Ae Dil Hai Mushkil (Title Track)"
}, {
  "Identifier" : "534976554",
  "Title" : "Amen (feat. Drake)"
}, {
  "Identifier" : "362921",
  "Title" : "What's Up?"
}, {
  "Identifier" : "192971708",
  "Title" : "The Way We Ball"
}, {
  "Identifier" : "264720106",
  "Title" : "Electric Feel"
}, {
  "Identifier" : "571445455",
  "Title" : "22"
}, {
  "Identifier" : "683600763",
  "Title" : "Bandz a Make Her Dance (feat. 2 Chainz & Lil Wayne)"
}, {
  "Identifier" : "62055325",
  "Title" : "The Flowing Springs In the Ravine"
}, {
  "Identifier" : "1138732204",
  "Title" : "Gabru Ready to Mingle Hai"
}, {
  "Identifier" : "1205692004",
  "Title" : "Mask Off"
}, {
  "Identifier" : "1078704910",
  "Title" : "2 Phones"
}, {
  "Identifier" : "560097694",
  "Title" : "Can't Hold Us (feat. Ray Dalton)"
}, {
  "Identifier" : "1053579800",
  "Title" : "Me, Myself & I"
}, {
  "Identifier" : "201257673",
  "Title" : "Take Me Out"
}, {
  "Identifier" : "927369892",
  "Title" : "Growl (Chinese Version)"
}, {
  "Identifier" : "821869118",
  "Title" : "Gas Pedal (feat. IamSu)"
}, {
  "Identifier" : "330302549",
  "Title" : "Gimme Three Steps"
}, {
  "Identifier" : "1169015786",
  "Title" : "The Breakup Song"
}, {
  "Identifier" : "1154239689",
  "Title" : "September"
}, {
  "Identifier" : "651871678",
  "Title" : "Second Hand News"
}, {
  "Identifier" : "825377232",
  "Title" : "My N***a (feat. Jeezy & Rich Homie Quan)"
}, {
  "Identifier" : "1169015784",
  "Title" : "Bulleya"
}, {
  "Identifier" : "403822527",
  "Title" : "Who Will Survive In America"
}, {
  "Identifier" : "1169015785",
  "Title" : "Channa Mereya"
}, {
  "Identifier" : "850571371",
  "Title" : "Feel Good Inc."
}, {
  "Identifier" : "816475892",
  "Title" : "The Devil Is a Lie (feat. JAY Z)"
}, {
  "Identifier" : "669633108",
  "Title" : "Holy Grail (feat. Justin Timberlake)"
}, {
  "Identifier" : "487760096",
  "Title" : "Leave You Alone (feat. Ne-Yo)"
}, {
  "Identifier" : "558262504",
  "Title" : "Breezeblocks"
}, {
  "Identifier" : "1368157211",
  "Title" : "I Like It"
}, {
  "Identifier" : "714587248",
  "Title" : "Honky Tonk Badonkadonk"
}, {
  "Identifier" : "391890696",
  "Title" : "The Logical Song"
}, {
  "Identifier" : "1422827979",
  "Title" : "Gas Pedal (feat. Iamsu!)"
}, {
  "Identifier" : "308522273",
  "Title" : "I Want It That Way"
}, {
  "Identifier" : "6268809",
  "Title" : "Joy to the World"
}, {
  "Identifier" : "1080829753",
  "Title" : "Down In the DM"
}, {
  "Identifier" : "825377246",
  "Title" : "Who Do You Love? (feat. Drake)"
}, {
  "Identifier" : "284985840",
  "Title" : "I'm a Ramblin' Man"
}, {
  "Identifier" : "264330184",
  "Title" : "Pickup Truck Song"
}, {
  "Identifier" : "203941460",
  "Title" : "Get Rhythm"
}, {
  "Identifier" : "251002659",
  "Title" : "A Boy Named Sue (Live)"
}, {
  "Identifier" : "pl.44a4495927924a25ab206edbd50420a3",
  "Title" : "90s Smash Hits"
}, {
  "Identifier" : "316981890",
  "Title" : "Luka Chuppi"
}, {
  "Identifier" : "1192538688",
  "Title" : "Bad and Boujee (feat. Lil Uzi Vert)"
}, {
  "Identifier" : "535335300",
  "Title" : "Express Yourself"
}, {
  "Identifier" : "1192538689",
  "Title" : "Get Right Witcha"
}, {
  "Identifier" : "1359293318",
  "Title" : "SAD!"
}, {
  "Identifier" : "579373079",
  "Title" : "Enter Sandman"
}, {
  "Identifier" : "1192538686",
  "Title" : "T-Shirt"
}, {
  "Identifier" : "33831125",
  "Title" : "Sangria Wine (Live Edit, 1973 / Luckenbach, TX)"
}, {
  "Identifier" : "pl.u-2aoq8mqiGARdkZ",
  "Title" : "Sweet K's Mix"
}, {
  "Identifier" : "1412872995",
  "Title" : "Intro"
}, {
  "Identifier" : "888907410",
  "Title" : "Bad to the Bone"
}, {
  "Identifier" : "289232096",
  "Title" : "Daddy's Money"
}, {
  "Identifier" : "1412873606",
  "Title" : "School Spirit Skit 2"
}, {
  "Identifier" : "361508",
  "Title" : "The Day the World Went Away"
}, {
  "Identifier" : "274859516",
  "Title" : "Somesing"
}, {
  "Identifier" : "1412873609",
  "Title" : "Lil Jimmy Skit"
}, {
  "Identifier" : "1412873602",
  "Title" : "Breathe In Breathe Out (feat. Ludacris)"
}, {
  "Identifier" : "1412873603",
  "Title" : "School Spirit Skit 1"
}, {
  "Identifier" : "1412872999",
  "Title" : "We Don't Care"
}, {
  "Identifier" : "1412873604",
  "Title" : "School Spirit"
}, {
  "Identifier" : "255836736",
  "Title" : "So Fresh, So Clean"
}, {
  "Identifier" : "pl.87bb5b36a9bd49db8c975607452bfa2b",
  "Title" : "The A-List: Country"
}, {
  "Identifier" : "647928233",
  "Title" : "Bad (feat. Tiara Thomas)"
}, {
  "Identifier" : "1205665975",
  "Title" : "It Ain't Me"
}, {
  "Identifier" : "1438652331",
  "Title" : "ZEZE (feat. Travis Scott & Offset)"
}, {
  "Identifier" : "571800708",
  "Title" : "Shape of Things to Come (From \"Battlestar Galactica\")"
}, {
  "Identifier" : "598391522",
  "Title" : "Pusher Love Girl"
}, {
  "Identifier" : "571800702",
  "Title" : "Passacaglia (From \"Battlestar Galactica\")"
}, {
  "Identifier" : "435261140",
  "Title" : "Ima Boss (feat. Rick Ross)"
}, {
  "Identifier" : "361518",
  "Title" : "Just Like You Imagined"
}, {
  "Identifier" : "1223592501",
  "Title" : "LOVE. (FEAT. ZACARI.)"
}, {
  "Identifier" : "559947718",
  "Title" : "Gucci Gucci"
}, {
  "Identifier" : "1223592505",
  "Title" : "DUCKWORTH."
}, {
  "Identifier" : "1086224445",
  "Title" : "2 Phones"
}, {
  "Identifier" : "189255337",
  "Title" : "The Body of an American"
}, {
  "Identifier" : "716018386",
  "Title" : "Don't You Worry Child (Radio Edit) [feat. John Martin]"
}, {
  "Identifier" : "1173664574",
  "Title" : "Thick (feat. 2 Chainz)"
}, {
  "Identifier" : "1400299274",
  "Title" : "Weekend Luv"
}, {
  "Identifier" : "716018389",
  "Title" : "Don't You Worry Child (feat. John Martin)"
}, {
  "Identifier" : "991460173",
  "Title" : "Watch Me (Whip / Nae Nae)"
}, {
  "Identifier" : "pl.ab3739bb5de544ad90a13d435e4feb7e",
  "Title" : "Best of 2016: Hip-Hop"
}, {
  "Identifier" : "549921256",
  "Title" : "Birthday Song (feat. Kanye West)"
}, {
  "Identifier" : "255836745",
  "Title" : "Ms. Jackson"
}, {
  "Identifier" : "1123232308",
  "Title" : "No More Parties in LA"
}, {
  "Identifier" : "867371548",
  "Title" : "Rocky Top"
}, {
  "Identifier" : "594062569",
  "Title" : "Love Me (feat. Drake & Future)"
}, {
  "Identifier" : "1104105844",
  "Title" : "Mr. Pike"
}, {
  "Identifier" : "1056837186",
  "Title" : "WTF (Where They From) [feat. Pharrell Williams]"
}, {
  "Identifier" : "279639254",
  "Title" : "Maria"
}, {
  "Identifier" : "308522466",
  "Title" : "Quit Playing Games (With My Heart)"
}, {
  "Identifier" : "1104105843",
  "Title" : "Born in San Antone"
}, {
  "Identifier" : "129535026",
  "Title" : "Cotton Fields"
}, {
  "Identifier" : "1039459662",
  "Title" : "My Way (feat. Monty)"
}, {
  "Identifier" : "1104105842",
  "Title" : "Runnin' Back"
}, {
  "Identifier" : "298565938",
  "Title" : "Pass the Courvoisier (feat. P. Diddy)"
}, {
  "Identifier" : "1106953607",
  "Title" : "Dum-A-Dum"
}, {
  "Identifier" : "1104105841",
  "Title" : "Don't Come Around Here"
}, {
  "Identifier" : "1104105840",
  "Title" : "Some Times"
}, {
  "Identifier" : "1162248452",
  "Title" : "Cash Machine"
}, {
  "Identifier" : "1154239649",
  "Title" : "True Colors (Film Version)"
}, {
  "Identifier" : "716018395",
  "Title" : "Don't You Worry Child (Acoustic Version) [feat. John Martin]"
}, {
  "Identifier" : "1186275502",
  "Title" : "The Humma Song (From \"OK Jaanu\")"
}, {
  "Identifier" : "5926270",
  "Title" : "School Spirit"
}, {
  "Identifier" : "390849615",
  "Title" : "F**k You"
}, {
  "Identifier" : "403822314",
  "Title" : "All of the Lights (Interlude)"
}, {
  "Identifier" : "1412873610",
  "Title" : "Two Words (feat. Mos Def, Freeway & The Boys Choir of Harlem)"
}, {
  "Identifier" : "1104105839",
  "Title" : "Road for Days"
}, {
  "Identifier" : "403822316",
  "Title" : "All of the Lights"
}, {
  "Identifier" : "1104105838",
  "Title" : "No Reason"
}, {
  "Identifier" : "1266716155",
  "Title" : "Havana (feat. Young Thug)"
}, {
  "Identifier" : "pl.42614a08c7664674a73918d7941f36b7",
  "Title" : "Future Essentials"
}, {
  "Identifier" : "1104105837",
  "Title" : "She Likes Doom Metal"
}, {
  "Identifier" : "1104105836",
  "Title" : "Bitchin'"
}, {
  "Identifier" : "99159630",
  "Title" : "Guilty Conscience"
}, {
  "Identifier" : "403678",
  "Title" : "Peace Train"
}, {
  "Identifier" : "510168338",
  "Title" : "Blown Away"
}, {
  "Identifier" : "310138517",
  "Title" : "Nothin'"
}, {
  "Identifier" : "1155517232",
  "Title" : "Jaago"
}, {
  "Identifier" : "1412873613",
  "Title" : "Through the Wire"
}, {
  "Identifier" : "1009454284",
  "Title" : "Classic Man (feat. Roman GianArthur)"
}, {
  "Identifier" : "403822318",
  "Title" : "Monster (feat. Jay-Z, Rick Ross, Nicki Minaj & Bon Iver)"
}, {
  "Identifier" : "1412873615",
  "Title" : "Family Business"
}, {
  "Identifier" : "446785945",
  "Title" : "Bob Wills Is Still the King"
}, {
  "Identifier" : "395740928",
  "Title" : "In Motion"
}, {
  "Identifier" : "265088952",
  "Title" : "To the Top"
}, {
  "Identifier" : "391890703",
  "Title" : "Goodbye Stranger"
}, {
  "Identifier" : "573715583",
  "Title" : "Turn On the Lights"
}, {
  "Identifier" : "403822383",
  "Title" : "So Appalled (feat. Jay-Z, Pusha T, Prynce Cy Hi, Swizz Beatz & RZA)"
}, {
  "Identifier" : "984746629",
  "Title" : "Runaway (U & I)"
}, {
  "Identifier" : "1017055104",
  "Title" : "F*ck Up Some Commas"
}, {
  "Identifier" : "1211010244",
  "Title" : "Green Light"
}, {
  "Identifier" : "1384161625",
  "Title" : "WIN"
}, {
  "Identifier" : "1113239916",
  "Title" : "Juke Jam (feat. Justin Bieber & Towkio)"
}, {
  "Identifier" : "403822386",
  "Title" : "Devil In a New Dress (feat. Rick Ross)"
}, {
  "Identifier" : "1140047265",
  "Title" : "Beat Pe Booty"
}, {
  "Identifier" : "pl.626e929b114f4da9b67d453e7a269507",
  "Title" : "Best of 90s Adult Hits"
}, {
  "Identifier" : "308522641",
  "Title" : "I'll Never Break Your Heart"
}, {
  "Identifier" : "302307353",
  "Title" : "Son of a Preacher Man"
}, {
  "Identifier" : "308522645",
  "Title" : "The Call"
}, {
  "Identifier" : "5195697",
  "Title" : "Video Killed the Radio Star"
}, {
  "Identifier" : "299545317",
  "Title" : "Money for Nothing"
}, {
  "Identifier" : "984746634",
  "Title" : "Peanut Butter Jelly"
}, {
  "Identifier" : "1445242492",
  "Title" : "WIN"
}, {
  "Identifier" : "1405197239",
  "Title" : "Sorry Not Sorry"
}, {
  "Identifier" : "1340676553",
  "Title" : "Push It"
}, {
  "Identifier" : "pl.aab7c7934d4249c08862b51100b8428a",
  "Title" : "Partners In Rhyme: Snoop Dogg and Dr. Dre"
}, {
  "Identifier" : "400946531",
  "Title" : "Until the End of Time (Duet with Beyonce)"
}, {
  "Identifier" : "956016353",
  "Title" : "Versace (feat. Drake) [Remix]"
}, {
  "Identifier" : "1240995992",
  "Title" : "Big Amount (feat. Drake)"
}, {
  "Identifier" : "1123232317",
  "Title" : "Fade"
}, {
  "Identifier" : "1240995987",
  "Title" : "Good Drank (feat. Gucci Mane & Quavo)"
}, {
  "Identifier" : "1278404870",
  "Title" : "Drowning (feat. Kodak Black)"
}, {
  "Identifier" : "pl.1a7fd42205674dd282d106f533f4bea6",
  "Title" : "Classic Rock Essentials"
}, {
  "Identifier" : "284317796",
  "Title" : "Call Me the Breeze"
}, {
  "Identifier" : "1123232315",
  "Title" : "Facts (Charlie Heat Version)"
}, {
  "Identifier" : "731919966",
  "Title" : "Chinese"
}, {
  "Identifier" : "473060469",
  "Title" : "Dance (A$$) [Remix] [feat. Nicki Mina]"
}, {
  "Identifier" : "411930847",
  "Title" : "Farewell Blues"
}, {
  "Identifier" : "1167433622",
  "Title" : "Teri Fariyad"
}, {
  "Identifier" : "1167433623",
  "Title" : "Ishq Mubarak"
}, {
  "Identifier" : "95786277",
  "Title" : "Remember the Name (feat. Styles of Beyond)"
}, {
  "Identifier" : "1245354949",
  "Title" : "All Night"
}, {
  "Identifier" : "pl.1e67b19d500d424396f5b9015e8fbc88",
  "Title" : "Hip-Hop Replay"
}, {
  "Identifier" : "728778922",
  "Title" : "Applause"
}, {
  "Identifier" : "1154239844",
  "Title" : "What U Workin' With?"
}, {
  "Identifier" : "1123232345",
  "Title" : "Saint Pablo"
}, {
  "Identifier" : "1441456783",
  "Title" : "Yikes"
}, {
  "Identifier" : "934098962",
  "Title" : "Somebody to Love"
}, {
  "Identifier" : "1441456786",
  "Title" : "All Mine"
}, {
  "Identifier" : "1154239845",
  "Title" : "True Colors"
}, {
  "Identifier" : "96474",
  "Title" : "Volcano"
}, {
  "Identifier" : "1340309475",
  "Title" : "Walk It Talk It (feat. Drake)"
}, {
  "Identifier" : "1220046163",
  "Title" : "Tunnel Vision"
}, {
  "Identifier" : "216333643",
  "Title" : "It's Hard to Be Humble"
}, {
  "Identifier" : "816462611",
  "Title" : "The Devil Is a Lie (feat. JAY Z)"
}, {
  "Identifier" : "725208778",
  "Title" : "Hi-Lo"
}, {
  "Identifier" : "79576564",
  "Title" : "Rhapsody In Blue"
}, {
  "Identifier" : "320452067",
  "Title" : "American Saturday Night"
}, {
  "Identifier" : "1441456791",
  "Title" : "Violent Crimes"
}, {
  "Identifier" : "270220272",
  "Title" : "It's Five O'Clock Somewhere (with Jimmy Buffett)"
}, {
  "Identifier" : "1413898405",
  "Title" : "65th & Ingleside"
}, {
  "Identifier" : "570882797",
  "Title" : "I Fink U Freeky"
}, {
  "Identifier" : "1104044674",
  "Title" : "Push It"
}, {
  "Identifier" : "1185110484",
  "Title" : "Levels (Radio Edit)"
}, {
  "Identifier" : "1288203574",
  "Title" : "The Humpty Dance"
}, {
  "Identifier" : "1204526263",
  "Title" : "Tunnel Vision"
}, {
  "Identifier" : "260068057",
  "Title" : "Paper Planes"
}, {
  "Identifier" : "178105837",
  "Title" : "Rodeo - Four Dance Episodes (Instrumental): IV. Hoedown"
}, {
  "Identifier" : "6655598",
  "Title" : "Nuthin' but a G Thang (feat. Snoop Dogg)"
}, {
  "Identifier" : "457924295",
  "Title" : "Drank In My Cup"
}, {
  "Identifier" : "391668091",
  "Title" : "Knee Deep (feat. Jimmy Buffett)"
}, {
  "Identifier" : "666589588",
  "Title" : "Bugatti (feat. Future & Rick Ross)"
}, {
  "Identifier" : "70428",
  "Title" : "Pecos Promenade (Single)"
}, {
  "Identifier" : "1365502693",
  "Title" : "La Camisa Negra"
}, {
  "Identifier" : "482538135",
  "Title" : "Ballin Out"
}, {
  "Identifier" : "1147165822",
  "Title" : "Run to the Hills (2015 Remastered Version)"
}, {
  "Identifier" : "388195400",
  "Title" : "Technologic"
}, {
  "Identifier" : "193196855",
  "Title" : "Give It Away"
}, {
  "Identifier" : "414165181",
  "Title" : "Smoke! Smoke! Smoke! (That Cigarette)"
}, {
  "Identifier" : "344800179",
  "Title" : "Voodoo Child (Slight Return)"
}, {
  "Identifier" : "663161497",
  "Title" : "Dolce & Gabbana"
}, {
  "Identifier" : "1211351687",
  "Title" : "Boom Shack-A-Lak (2016 Redux)"
}, {
  "Identifier" : "6654013",
  "Title" : "Nuthin' but a G thang (feat. Snoop Dogg)"
}, {
  "Identifier" : "204134133",
  "Title" : "Everyday (Single Version)"
}, {
  "Identifier" : "440330682",
  "Title" : "Lighters (feat. Bruno Mars)"
}, {
  "Identifier" : "482474978",
  "Title" : "Lonely Boy"
}, {
  "Identifier" : "270573428",
  "Title" : "99 Red Balloons"
}, {
  "Identifier" : "1440592575",
  "Title" : "Tequila Sheila (Friends and Heroes Session)"
}, {
  "Identifier" : "291081753",
  "Title" : "DotA (Bonus Track)"
}, {
  "Identifier" : "1103499505",
  "Title" : "My Church"
}, {
  "Identifier" : "1438063138",
  "Title" : "Mo Bamba"
}, {
  "Identifier" : "388149187",
  "Title" : "Until the End of Time"
}, {
  "Identifier" : "1253106277",
  "Title" : "Mask Off"
}, {
  "Identifier" : "1371043175",
  "Title" : "Chun-Li"
}, {
  "Identifier" : "386961822",
  "Title" : "Callin' Baton Rouge"
}, {
  "Identifier" : "1437534363",
  "Title" : "Tints (feat. Kendrick Lamar)"
}, {
  "Identifier" : "784263228",
  "Title" : "Or Nah (feat. Wiz Khalifa & DJ Mustard)"
}, {
  "Identifier" : "157434225",
  "Title" : "Let's Groove"
}, {
  "Identifier" : "1034561644",
  "Title" : "March Madness"
}, {
  "Identifier" : "784263223",
  "Title" : "Paranoid (feat. B.o.B)"
}, {
  "Identifier" : "1113240258",
  "Title" : "How Great (feat. Jay Electronica & My cousin Nicole)"
}, {
  "Identifier" : "175021180",
  "Title" : "Kiss"
}, {
  "Identifier" : "254347756",
  "Title" : "The Distance"
}, {
  "Identifier" : "799676152",
  "Title" : "Man of the Year"
}, {
  "Identifier" : "319191731",
  "Title" : "Pon de Floor (feat. Vybz Kartel)"
}, {
  "Identifier" : "62055093",
  "Title" : "The Sorrow of Lady Zhaojun"
}, {
  "Identifier" : "728776544",
  "Title" : "Bad Girls"
}, {
  "Identifier" : "1005850935",
  "Title" : "Easy Lover"
}, {
  "Identifier" : "169962272",
  "Title" : "Always Be My Baby"
}, {
  "Identifier" : "295784137",
  "Title" : "Single Ladies (Put a Ring on It)"
}, {
  "Identifier" : "606057317",
  "Title" : "Boys 'Round Here (feat. Pistol Annies & Friends)"
}, {
  "Identifier" : "pl.df4cd2fb169e4b04a11637db537335a1",
  "Title" : "Weekend with Bollywood"
}, {
  "Identifier" : "1133946376",
  "Title" : "Tere Sang Yaara"
}, {
  "Identifier" : "332159171",
  "Title" : "Forever"
}, {
  "Identifier" : "790289",
  "Title" : "Work It"
}, {
  "Identifier" : "799676143",
  "Title" : "Collard Greens (feat. Kendrick Lamar)"
}, {
  "Identifier" : "1392976723",
  "Title" : "Violent Crimes"
}, {
  "Identifier" : "799676146",
  "Title" : "Studio (feat. BJ the Chicago Kid)"
}, {
  "Identifier" : "36299549",
  "Title" : "Come Sail Away"
}, {
  "Identifier" : "381515553",
  "Title" : "Cello Suite No. 1 in G Major, BWV 1007: Prélude"
}, {
  "Identifier" : "62055087",
  "Title" : "Song of the Flying Phoenix"
}, {
  "Identifier" : "311389516",
  "Title" : "Shake"
}, {
  "Identifier" : "403881359",
  "Title" : "Do It Like This"
}, {
  "Identifier" : "1114476537",
  "Title" : "Ud-Daa Punjab"
}, {
  "Identifier" : "1114476536",
  "Title" : "Ikk Kudi"
}, {
  "Identifier" : "1113935922",
  "Title" : "Tu Hai Toh Main Hoon"
}, {
  "Identifier" : "563538733",
  "Title" : "Dont You Worry Dont You Worry Child - Tribute to Swedish House Mafia"
}, {
  "Identifier" : "512360314",
  "Title" : "Beez In the Trap (feat. 2 Chainz)"
}, {
  "Identifier" : "185988874",
  "Title" : "If That Ain't Country"
}, {
  "Identifier" : "687591827",
  "Title" : "Applause"
}, {
  "Identifier" : "725789244",
  "Title" : "Going Up the Country"
}, {
  "Identifier" : "1398449456",
  "Title" : "Barbie Dreams"
}, {
  "Identifier" : "1052966684",
  "Title" : "Lonely Boy"
}, {
  "Identifier" : "928631317",
  "Title" : "Hot N*gga"
}, {
  "Identifier" : "1292381954",
  "Title" : "Gucci Gang"
}, {
  "Identifier" : "436375665",
  "Title" : "Country Sh*t (Remix) [feat. Ludacris & Bun B]"
}, {
  "Identifier" : "1296951744",
  "Title" : "Pick It Up (feat. A$AP Rocky)"
}, {
  "Identifier" : "1114476528",
  "Title" : "Da Da Dasse"
}, {
  "Identifier" : "1114476527",
  "Title" : "Chitta Ve"
}, {
  "Identifier" : "825517885",
  "Title" : "Cocaine Blues (Live)"
}, {
  "Identifier" : "388783944",
  "Title" : "Bad Day of Fishin'"
}, {
  "Identifier" : "1309084760",
  "Title" : "Drunk in Love (feat. JAY Z)"
}, {
  "Identifier" : "251003092",
  "Title" : "One Piece At a Time"
}, {
  "Identifier" : "1395742452",
  "Title" : "WIN"
}, {
  "Identifier" : "1221116476",
  "Title" : "HUMBLE."
}, {
  "Identifier" : "273949956",
  "Title" : "Crow Black Chicken"
}, {
  "Identifier" : "1412874080",
  "Title" : "Last Call"
}, {
  "Identifier" : "655199761",
  "Title" : "La Grange"
}, {
  "Identifier" : "714943261",
  "Title" : "Smoke! Smoke! Smoke! (That Cigarette)"
}, {
  "Identifier" : "214403502",
  "Title" : "Animals"
}, {
  "Identifier" : "1434899925",
  "Title" : "Killer Queen (2011 Remaster)"
}, {
  "Identifier" : "1235889497",
  "Title" : "Bad Liar"
}, {
  "Identifier" : "604174252",
  "Title" : "Fame Is for A*****es (feat. Chiddy)"
}, {
  "Identifier" : "28694117",
  "Title" : "Money for Nothing"
}, {
  "Identifier" : "300388192",
  "Title" : "Kabhi Khushi Kabhie Gham"
}, {
  "Identifier" : "1405366210",
  "Title" : "Can't Take a Joke"
}, {
  "Identifier" : "1273382678",
  "Title" : "Sorry Not Sorry"
}, {
  "Identifier" : "1398449677",
  "Title" : "Chun-Li"
}, {
  "Identifier" : "pl.3ced1ec484ce4ef6ae6008e642451b63",
  "Title" : "Sunidhi Chauhan: Influences "
}, {
  "Identifier" : "353859788",
  "Title" : "All I Do Is Win (feat. T-Pain, Ludacris, Snoop Dogg & Rick Ross)"
}, {
  "Identifier" : "723893033",
  "Title" : "It's a Small World"
}, {
  "Identifier" : "1181809044",
  "Title" : "Labon Ka Karobaar"
}, {
  "Identifier" : "581086227",
  "Title" : "Take This Job and Shove It"
}, {
  "Identifier" : "107165",
  "Title" : "Quality Control"
}, {
  "Identifier" : "192776898",
  "Title" : "Cecilia"
}, {
  "Identifier" : "79483397",
  "Title" : "Hey Mama"
}, {
  "Identifier" : "23534382",
  "Title" : "Days Go By"
}, {
  "Identifier" : "1181809041",
  "Title" : "Ude Dil Befikre"
}, {
  "Identifier" : "1181809040",
  "Title" : "Nashe Si Chadh Gayi"
}, {
  "Identifier" : "327957664",
  "Title" : "No Problem"
}, {
  "Identifier" : "192970184",
  "Title" : "Long Cool Woman (In a Black Dress)"
}, {
  "Identifier" : "272738758",
  "Title" : "Push It"
}, {
  "Identifier" : "516391684",
  "Title" : "Caribou Lou"
}, {
  "Identifier" : "71069110",
  "Title" : "Folsom Prison Blues"
}, {
  "Identifier" : "111890",
  "Title" : "What's Golden"
}, {
  "Identifier" : "6737931",
  "Title" : "My Band"
}, {
  "Identifier" : "1113240432",
  "Title" : "Blessings (feat. Ty Dolla Sign, Raury, BJ The Chicago Kid & Anderson .Paak)"
}, {
  "Identifier" : "474653206",
  "Title" : "My Last (feat. Chris Brown)"
}, {
  "Identifier" : "1113239443",
  "Title" : "No Problem (feat. Lil Wayne & 2 Chainz)"
}, {
  "Identifier" : "281147336",
  "Title" : "Margarita"
}, {
  "Identifier" : "1158884516",
  "Title" : "Besabriyaan"
}, {
  "Identifier" : "651105810",
  "Title" : "Power Trip (feat. Miguel)"
}, {
  "Identifier" : "1158884517",
  "Title" : "Kaun Tujhe"
}, {
  "Identifier" : "479760603",
  "Title" : "The Motto (feat. Lil Wayne) [Bonus Track]"
}, {
  "Identifier" : "193898735",
  "Title" : "Take This Job and Shove It"
}, {
  "Identifier" : "1158884519",
  "Title" : "Phir Kabhi"
}, {
  "Identifier" : "1079971754",
  "Title" : "El Fusilado"
}, {
  "Identifier" : "981853934",
  "Title" : "CALL ME BABY (Chinese Version)"
}, {
  "Identifier" : "252606583",
  "Title" : "Like I Love You (feat. Clipse)"
}, {
  "Identifier" : "192991053",
  "Title" : "The Battle of New Orleans"
}, {
  "Identifier" : "252606581",
  "Title" : "Señorita"
}, {
  "Identifier" : "62055273",
  "Title" : "Winter Ducks Play On Water"
}, {
  "Identifier" : "934038031",
  "Title" : "Crazy Little Thing Called Love"
}, {
  "Identifier" : "699585242",
  "Title" : "Mind Playin Tricks (Mixtape Version)"
}, {
  "Identifier" : "283567164",
  "Title" : "I Want It That Way"
}, {
  "Identifier" : "1214433974",
  "Title" : "My Church"
}, {
  "Identifier" : "255369593",
  "Title" : "Drive (For Daddy Gene)"
}, {
  "Identifier" : "1115957375",
  "Title" : "Come Down (feat. T.I.)"
}, {
  "Identifier" : "785232520",
  "Title" : "War Pigs / Luke's Wall"
}, {
  "Identifier" : "785232521",
  "Title" : "Paranoid"
}, {
  "Identifier" : "252606598",
  "Title" : "Rock Your Body"
}, {
  "Identifier" : "1170700479",
  "Title" : "White Iverson"
}, {
  "Identifier" : "447845393",
  "Title" : "The Matrix"
}, {
  "Identifier" : "1298483142",
  "Title" : "Patek Water (feat. Offset)"
}, {
  "Identifier" : "252606592",
  "Title" : "Cry Me a River"
}, {
  "Identifier" : "1113239688",
  "Title" : "Summer Friends (feat. Jeremih & Francis & The Lights)"
}, {
  "Identifier" : "62055265",
  "Title" : "A Bit of Gold"
}, {
  "Identifier" : "824800707",
  "Title" : "Kate"
}, {
  "Identifier" : "1284252513",
  "Title" : "Save the World (Zedd Remix)"
}, {
  "Identifier" : "1284252510",
  "Title" : "Don't You Worry Child (Acoustic Version) [feat. John Martin]"
}, {
  "Identifier" : "1017055088",
  "Title" : "Where Ya At (feat. Drake)"
}, {
  "Identifier" : "216088341",
  "Title" : "Black Betty"
}, {
  "Identifier" : "pl.88bc653184544ac5a3c88b4e92f8199d",
  "Title" : "Pure Party"
}, {
  "Identifier" : "1341925048",
  "Title" : "Walk It Talk It (feat. Drake)"
}, {
  "Identifier" : "1264527",
  "Title" : "Work It"
}, {
  "Identifier" : "1157913729",
  "Title" : "Bol Do Na Zara"
}, {
  "Identifier" : "1081202067",
  "Title" : "Ni**as in Paris"
}, {
  "Identifier" : "1081202068",
  "Title" : "Otis (feat. Otis Redding)"
}, {
  "Identifier" : "1316706688",
  "Title" : "Grinding All My Life"
}, {
  "Identifier" : "562648267",
  "Title" : "Remember You (feat. The Weeknd)"
}, {
  "Identifier" : "1110891684",
  "Title" : "Tere Liye"
}, {
  "Identifier" : "1041818923",
  "Title" : "Jumpman"
}, {
  "Identifier" : "594629656",
  "Title" : "Show Out (feat. Young Jeezy & Big Sean)"
}, {
  "Identifier" : "276498942",
  "Title" : "Baila, Menea y Goza Quebradita"
}, {
  "Identifier" : "62055253",
  "Title" : "Liu Yang River"
}, {
  "Identifier" : "1167416558",
  "Title" : "Bolo Har Har Har (feat. Mohit Chauhan, Sukhwinder Singh, Badshah, Megha Sriram Dalton, Anugrah, Sandeep Shrivastava)"
}, {
  "Identifier" : "62055239",
  "Title" : "Autumn Moon Over Still Lake"
}, {
  "Identifier" : "1194677278",
  "Title" : "Good Drank (feat. Gucci Mane & Quavo)"
}, {
  "Identifier" : "323714147",
  "Title" : "The Bridge of Khazad-dûm"
}, {
  "Identifier" : "418674082",
  "Title" : "Out of My Head (feat. Trey Songz)"
}, {
  "Identifier" : "365805236",
  "Title" : "Sleepyhead"
}, {
  "Identifier" : "626205874",
  "Title" : "Run the World (Girls)"
}, {
  "Identifier" : "976832501",
  "Title" : "Hot for Teacher"
}, {
  "Identifier" : "562648257",
  "Title" : "Work Hard, Play Hard"
}, {
  "Identifier" : "597079249",
  "Title" : "Bad (feat. Tiara Thomas)"
}, {
  "Identifier" : "292366022",
  "Title" : "Wonderful World"
}, {
  "Identifier" : "1167416565",
  "Title" : "Darkhaast (feat. Arijit Singh, Sunidhi Chauhan)"
}, {
  "Identifier" : "276498950",
  "Title" : "Baila Pa Emociona Calypso"
}, {
  "Identifier" : "1438893095",
  "Title" : "Work Out"
}, {
  "Identifier" : "574051407",
  "Title" : "Thunderstruck"
}, {
  "Identifier" : "276498951",
  "Title" : "Zumba Lluvia Cool Down"
}, {
  "Identifier" : "62055245",
  "Title" : "The Wind Sways the Green Bamboos"
}, {
  "Identifier" : "908722691",
  "Title" : "Tap Dance (feat. Chance the Rapper & the Social Experiment)"
}, {
  "Identifier" : "pl.u-XkD0vDkh447djq",
  "Title" : "Repeat Until Overplayed"
}, {
  "Identifier" : "135765",
  "Title" : "Flash Light"
}, {
  "Identifier" : "684564694",
  "Title" : "The Rockafeller Skank"
}, {
  "Identifier" : "1412873491",
  "Title" : "Get Em High (feat. Talib Kweli & Common)"
}, {
  "Identifier" : "30526357",
  "Title" : "Closer"
}, {
  "Identifier" : "1412873492",
  "Title" : "Workout Plan"
}, {
  "Identifier" : "403840486",
  "Title" : "Power"
}, {
  "Identifier" : "295757188",
  "Title" : "Love Story"
}, {
  "Identifier" : "458839430",
  "Title" : "Good Feeling"
}, {
  "Identifier" : "1140046610",
  "Title" : "Kho Gaye Hum Kahan"
}, {
  "Identifier" : "254838731",
  "Title" : "When You're Hot, You're Hot"
}, {
  "Identifier" : "595202945",
  "Title" : "Tea Party Website"
}, {
  "Identifier" : "1154239184",
  "Title" : "CAN'T STOP THE FEELING!"
}, {
  "Identifier" : "1206479561",
  "Title" : "Feline Focused"
}, {
  "Identifier" : "253356169",
  "Title" : "Song of the South"
}, {
  "Identifier" : "1423347143",
  "Title" : "Funk #49"
}, {
  "Identifier" : "1412873485",
  "Title" : "Never Let Me Down (feat. JAY-Z & J. Ivy)"
}, {
  "Identifier" : "1311935270",
  "Title" : "Lemon"
}, {
  "Identifier" : "81667968",
  "Title" : "Radar Love"
}, {
  "Identifier" : "699432905",
  "Title" : "Latincardio"
}, {
  "Identifier" : "935860231",
  "Title" : "Wanna Know"
}, {
  "Identifier" : "1369422581",
  "Title" : "Nice For What"
}, {
  "Identifier" : "947648632",
  "Title" : "Anaconda"
}, {
  "Identifier" : "1175539691",
  "Title" : "Gossip Girl"
}, {
  "Identifier" : "185989441",
  "Title" : "Jack Daniel's, If You Please"
}, {
  "Identifier" : "62055077",
  "Title" : "The Warbling Birds"
}, {
  "Identifier" : "121546179",
  "Title" : "On and On"
}, {
  "Identifier" : "1418213269",
  "Title" : "God's Plan"
}, {
  "Identifier" : "1159724682",
  "Title" : "Tu Hai"
}, {
  "Identifier" : "1371050455",
  "Title" : "1942 (feat. Yo Gotti & YBN Nahmir)"
}, {
  "Identifier" : "1128395023",
  "Title" : "Bad to the Bone"
}, {
  "Identifier" : "1113239250",
  "Title" : "All We Got (feat. Kanye West & Chicago Children's Choir)"
}, {
  "Identifier" : "1220045770",
  "Title" : "Patty Cake"
}, {
  "Identifier" : "62055061",
  "Title" : "Milking Song"
}, {
  "Identifier" : "661952952",
  "Title" : "Far Away Eyes"
}, {
  "Identifier" : "1117698979",
  "Title" : "Margarita"
}, {
  "Identifier" : "541953507",
  "Title" : "Start"
}, {
  "Identifier" : "714052799",
  "Title" : "Praise You"
}, {
  "Identifier" : "1123252508",
  "Title" : "Champions"
}, {
  "Identifier" : "725786247",
  "Title" : "Playa a** S***"
}, {
  "Identifier" : "pl.e06d0942d9774c3e955d4dd4e3755271",
  "Title" : "LeBron’s Unbreakable Playlist"
}, {
  "Identifier" : "1274598339",
  "Title" : "XO TOUR Llif3"
}, {
  "Identifier" : "62055069",
  "Title" : "Flowers On the Brocade"
}, {
  "Identifier" : "219056640",
  "Title" : "One Foot Draggin'"
}, {
  "Identifier" : "342397538",
  "Title" : "Lemonade"
}, {
  "Identifier" : "1125281343",
  "Title" : "Purple Lamborghini"
}, {
  "Identifier" : "254825686",
  "Title" : "Superman"
}, {
  "Identifier" : "62055049",
  "Title" : "The Fisherman's Song At Dusk"
}, {
  "Identifier" : "299951002",
  "Title" : "Chinese Music 01"
}, {
  "Identifier" : "897564318",
  "Title" : "Sun Models (feat. Madelyn Grant)"
}, {
  "Identifier" : "308105728",
  "Title" : "Rhapsody in Blue"
}, {
  "Identifier" : "pl.5ee8333dbe944d9f9151e97d92d1ead9",
  "Title" : "The A-List: Pop"
}, {
  "Identifier" : "1031345431",
  "Title" : "The Many Adventures of Winnie the Pooh (From The Many Adventures Of Winnie The Pooh)"
}, {
  "Identifier" : "274922971",
  "Title" : "That Smell"
}, {
  "Identifier" : "1170484403",
  "Title" : "Ishaara"
}, {
  "Identifier" : "1133946578",
  "Title" : "Dekha Hazaro Dafaa"
}, {
  "Identifier" : "216666706",
  "Title" : "Hypnotize"
}, {
  "Identifier" : "388148676",
  "Title" : "My Love (feat. T.I.)"
}, {
  "Identifier" : "273712882",
  "Title" : "Holler Back"
}, {
  "Identifier" : "353037",
  "Title" : "Renegade"
}, {
  "Identifier" : "1275819878",
  "Title" : "Master of Puppets (Remastered)"
}, {
  "Identifier" : "712259148",
  "Title" : "Country Music Got a Hold On Me"
}, {
  "Identifier" : "934038007",
  "Title" : "Another One Bites the Dust"
}, {
  "Identifier" : "1412873017",
  "Title" : "Graduation Day"
}, {
  "Identifier" : "1357748625",
  "Title" : "All Night"
}, {
  "Identifier" : "1221749998",
  "Title" : "Bad at Love"
}, {
  "Identifier" : "1204251642",
  "Title" : "iSpy (feat. Lil Yachty)"
}, {
  "Identifier" : "539428841",
  "Title" : "Jump Right In"
}, {
  "Identifier" : "1173653096",
  "Title" : "Shine"
}, {
  "Identifier" : "1412873019",
  "Title" : "All Falls Down (feat. Syleena Johnson)"
}, {
  "Identifier" : "62055047",
  "Title" : "Ah-Do-Qing-Ah-Si-Er"
}, {
  "Identifier" : "62055287",
  "Title" : "Moon Over Guan-Shan Mountain"
}, {
  "Identifier" : "1321217032",
  "Title" : "Havana (feat. Young Thug)"
}, {
  "Identifier" : "283658205",
  "Title" : "Double Dutch Bus"
}, {
  "Identifier" : "634434432",
  "Title" : "Downtown"
}, {
  "Identifier" : "1041586371",
  "Title" : "Buy Me a Boat"
}, {
  "Identifier" : "616180333",
  "Title" : "U.O.E.N.O. (feat. Rick Ross & Future)"
}, {
  "Identifier" : "662392805",
  "Title" : "New Slaves"
}, {
  "Identifier" : "1233869916",
  "Title" : "Feels (feat. Pharrell Williams, Katy Perry & Big Sean)"
}, {
  "Identifier" : "1412873446",
  "Title" : "Jesus Walks"
}, {
  "Identifier" : "299951025",
  "Title" : "Chinese Music 02"
}, {
  "Identifier" : "559977072",
  "Title" : "All Over the Road"
}, {
  "Identifier" : "299951027",
  "Title" : "Chinese Music 03"
}, {
  "Identifier" : "299951029",
  "Title" : "Chinese Music 04"
}, {
  "Identifier" : "600730160",
  "Title" : "Started from the Bottom"
}, {
  "Identifier" : "1039178063",
  "Title" : "Peanut Butter Jelly"
}, {
  "Identifier" : "297419042",
  "Title" : "One Week"
}, {
  "Identifier" : "548102697",
  "Title" : "Birthday Song (feat. Kanye West)"
}, {
  "Identifier" : "299951033",
  "Title" : "Chinese Music 05"
}, {
  "Identifier" : "548102698",
  "Title" : "I'm Different"
}, {
  "Identifier" : "299951035",
  "Title" : "Chinese Music 06"
}, {
  "Identifier" : "548102696",
  "Title" : "No Lie (feat. Drake)"
}, {
  "Identifier" : "1158846623",
  "Title" : "Toh Dishoom"
}, {
  "Identifier" : "367919351",
  "Title" : "The Safety Dance"
}, {
  "Identifier" : "pl.28926c578a80475c904026ea97646ad5",
  "Title" : "The A-List: Rock"
}, {
  "Identifier" : "4530390",
  "Title" : "Mannish Boy (Live)"
}, {
  "Identifier" : "952576",
  "Title" : "Ray of Light"
}, {
  "Identifier" : "299951037",
  "Title" : "Chinese Music 07"
}, {
  "Identifier" : "403822616",
  "Title" : "Dark Fantasy"
}, {
  "Identifier" : "902676183",
  "Title" : "Not the Man"
}, {
  "Identifier" : "299951040",
  "Title" : "Chinese Music 08"
}, {
  "Identifier" : "1298533304",
  "Title" : "Patek Water (feat. Offset)"
}, {
  "Identifier" : "902676181",
  "Title" : "Magnificent Sadness"
}, {
  "Identifier" : "402749143",
  "Title" : "Right Above It (feat. Drake)"
}, {
  "Identifier" : "273658384",
  "Title" : "What's the Difference (feat. Eminem & Xzibit)"
}, {
  "Identifier" : "902676182",
  "Title" : "Love Test"
}, {
  "Identifier" : "911912640",
  "Title" : "Blue Dream"
}, {
  "Identifier" : "299951043",
  "Title" : "Chinese Music 09"
}, {
  "Identifier" : "902676185",
  "Title" : "Rare Hearts"
}, {
  "Identifier" : "299951045",
  "Title" : "Chinese Music 10"
}, {
  "Identifier" : "421561720",
  "Title" : "Look At Me Now (feat. Lil Wayne & Busta Rhymes)"
}, {
  "Identifier" : "1216986951",
  "Title" : "Portland (feat. Quavo & Travis Scott)"
}, {
  "Identifier" : "672509433",
  "Title" : "TKO"
}, {
  "Identifier" : "1441493594",
  "Title" : "Strawberry Bubblegum"
}, {
  "Identifier" : "1113239812",
  "Title" : "Same Drugs"
}, {
  "Identifier" : "928844229",
  "Title" : "CoCo"
}, {
  "Identifier" : "pl.b553cd52fbf249d1b9b0bfe3e0cff543",
  "Title" : "West Coast Hip-Hop Essentials"
}, {
  "Identifier" : "705503632",
  "Title" : "Started From the Bottom"
}, {
  "Identifier" : "1035534561",
  "Title" : "Red Light Green Light (Bonus Track)"
}, {
  "Identifier" : "299951049",
  "Title" : "Chinese Music 11"
}, {
  "Identifier" : "504009521",
  "Title" : "Rack City"
}, {
  "Identifier" : "504009520",
  "Title" : "Faded (feat. Lil Wayne)"
}, {
  "Identifier" : "672509436",
  "Title" : "Drink You Away"
}, {
  "Identifier" : "185989465",
  "Title" : "Take This Job and Shove It"
}, {
  "Identifier" : "902676172",
  "Title" : "Black Memories"
}, {
  "Identifier" : "902676173",
  "Title" : "Chinese Fountain"
}, {
  "Identifier" : "902676170",
  "Title" : "Big Toe"
}, {
  "Identifier" : "902676176",
  "Title" : "Dull Boy"
}, {
  "Identifier" : "902676177",
  "Title" : "Good Advice"
}, {
  "Identifier" : "6917153",
  "Title" : "How Do U Want It (feat. KC & JoJo)"
}, {
  "Identifier" : "447667313",
  "Title" : "I'm On One (feat. Drake, Rick Ross & Lil Wayne)"
}, {
  "Identifier" : "1405116312",
  "Title" : "Smile (Living My Best Life) [feat. Snoop Dogg & Ball Greezy]"
}, {
  "Identifier" : "902676178",
  "Title" : "Going Gets Tough"
}, {
  "Identifier" : "809264281",
  "Title" : "Stoner"
}, {
  "Identifier" : "934070810",
  "Title" : "Bohemian Rhapsody"
}, {
  "Identifier" : "1315147873",
  "Title" : "Codeine Dreaming (feat. Lil Wayne)"
}, {
  "Identifier" : "649157106",
  "Title" : "Latch (feat. Sam Smith)"
}, {
  "Identifier" : "622711061",
  "Title" : "Poetic Justice (feat. Drake)"
}, {
  "Identifier" : "1126106783",
  "Title" : "Light of the Seven"
}, {
  "Identifier" : "1158855119",
  "Title" : "Lo Maan Liya"
}, {
  "Identifier" : "947648623",
  "Title" : "Only (feat. Drake, Lil Wayne & Chris Brown)"
}, {
  "Identifier" : "575306356",
  "Title" : "Dirty Deeds Done Dirt Cheap"
}, {
  "Identifier" : "462129060",
  "Title" : "The Thizzle Dance (Mixed Version by DJ Vlad)"
}, {
  "Identifier" : "1433828082",
  "Title" : "One (Remastered)"
}, {
  "Identifier" : "774724906",
  "Title" : "Main Chick (feat. Chris Brown)"
}, {
  "Identifier" : "1146919792",
  "Title" : "Kaari Kaari"
}, {
  "Identifier" : "927057886",
  "Title" : "Blockbuster Night, Pt. 1"
}, {
  "Identifier" : "774724903",
  "Title" : "Show Me (feat. Chris Brown)"
}, {
  "Identifier" : "175541237",
  "Title" : "Turn the World Around"
}, {
  "Identifier" : "1218425850",
  "Title" : "XO TOUR Llif3"
}, {
  "Identifier" : "1441493343",
  "Title" : "TKO"
}, {
  "Identifier" : "705503646",
  "Title" : "All Me (feat. 2 Chainz & Big Sean)"
}, {
  "Identifier" : "1227088906",
  "Title" : "Despacito (feat. Justin Bieber) [Remix]"
}, {
  "Identifier" : "47196758",
  "Title" : "Robot Rock"
}, {
  "Identifier" : "1123232292",
  "Title" : "Frank's Track"
}, {
  "Identifier" : "299951063",
  "Title" : "Chinese Music 12"
}, {
  "Identifier" : "1108737315",
  "Title" : "One Dance (feat. Wizkid & Kyla)"
}, {
  "Identifier" : "1123232294",
  "Title" : "Siiiiiiiiilver Surffffeeeeer Intermission"
}, {
  "Identifier" : "518748323",
  "Title" : "Strange Clouds (feat. Lil Wayne)"
}, {
  "Identifier" : "33903890",
  "Title" : "Nashville Blues"
}, {
  "Identifier" : "260758659",
  "Title" : "Chattahoochee"
}, {
  "Identifier" : "pl.45d80dbaaf4d4d0fb48aae1f339d35f8",
  "Title" : "Houston Hip-Hop Essentials"
}, {
  "Identifier" : "400946486",
  "Title" : "What Goes Around... / ...Comes Around Interlude"
}, {
  "Identifier" : "522120",
  "Title" : "Pissin' in the Wind"
}, {
  "Identifier" : "1085984150",
  "Title" : "Music for Cats"
}, {
  "Identifier" : "400835987",
  "Title" : "Get Back"
}, {
  "Identifier" : "pl.35af465948e64e68b3e29ea995706814",
  "Title" : "ワールド・ミュージックと自然"
}, {
  "Identifier" : "1140046692",
  "Title" : "Kala Chashma"
}, {
  "Identifier" : "1108737322",
  "Title" : "Childs Play"
}, {
  "Identifier" : "974196751",
  "Title" : "Homegrown"
}, {
  "Identifier" : "1123232280",
  "Title" : "Waves"
}, {
  "Identifier" : "1123232281",
  "Title" : "FML"
}, {
  "Identifier" : "1123232282",
  "Title" : "Real Friends"
}, {
  "Identifier" : "1113239896",
  "Title" : "Angels (feat. Saba)"
}, {
  "Identifier" : "266075284",
  "Title" : "Whole Lotta Love"
}, {
  "Identifier" : "262089480",
  "Title" : "Black Water"
}, {
  "Identifier" : "1215426433",
  "Title" : "Crew (feat. Brent Faiyaz & Shy Glizzy)"
}, {
  "Identifier" : "1123232285",
  "Title" : "Wolves"
}, {
  "Identifier" : "1113239893",
  "Title" : "Mixtape (feat. Young Thug & Lil Yachty)"
}, {
  "Identifier" : "1197534875",
  "Title" : "I'm Better (feat. Lamb)"
}, {
  "Identifier" : "299951078",
  "Title" : "Chinese Music 13"
}, {
  "Identifier" : "193084947",
  "Title" : "Wake Me Up Before You Go-Go"
}, {
  "Identifier" : "273658379",
  "Title" : "Still D.R.E. (feat. Snoop Dogg)"
}, {
  "Identifier" : "1438904733",
  "Title" : "Blockbuster Night, Pt. 1"
}, {
  "Identifier" : "1274153124",
  "Title" : "XO TOUR Llif3"
}, {
  "Identifier" : "1288184010",
  "Title" : "O.P.P"
}, {
  "Identifier" : "1123232275",
  "Title" : "Feedback"
}, {
  "Identifier" : "1123232276",
  "Title" : "Low Lights"
}, {
  "Identifier" : "896029997",
  "Title" : "We Dem Boyz"
}, {
  "Identifier" : "1123232277",
  "Title" : "Highlights"
}, {
  "Identifier" : "1123232278",
  "Title" : "Freestyle 4"
}, {
  "Identifier" : "1123232279",
  "Title" : "I Love Kanye"
}, {
  "Identifier" : "579142995",
  "Title" : "One"
}, {
  "Identifier" : "1146195714",
  "Title" : "Pink + White"
}, {
  "Identifier" : "299951084",
  "Title" : "Chinese Music 14"
}, {
  "Identifier" : "1146195713",
  "Title" : "Ivy"
}, {
  "Identifier" : "392596265",
  "Title" : "Kids"
}, {
  "Identifier" : "1146195712",
  "Title" : "Nikes"
}, {
  "Identifier" : "299951086",
  "Title" : "Chinese Music 15"
}, {
  "Identifier" : "299951088",
  "Title" : "Chinese Music 16"
}, {
  "Identifier" : "1216986918",
  "Title" : "Passionfruit"
}, {
  "Identifier" : "887763877",
  "Title" : "Left Hand Free"
}, {
  "Identifier" : "299951089",
  "Title" : "Chinese Music 17"
}, {
  "Identifier" : "1011549366",
  "Title" : "All Eyes On You (feat. Chris Brown & Nicki Minaj)"
}, {
  "Identifier" : "1043717257",
  "Title" : "Chinese Music"
}, {
  "Identifier" : "1188255407",
  "Title" : "Kaabil Hoon"
}, {
  "Identifier" : "1158846622",
  "Title" : "Sau Tarah Ke"
}, {
  "Identifier" : "515455264",
  "Title" : "Take It to the Head (feat. Chris Brown, Rick Ross, Nicki Minaj & Lil Wayne)"
}, {
  "Identifier" : "1146195719",
  "Title" : "Good Guy"
}, {
  "Identifier" : "1146195718",
  "Title" : "Self Control"
}, {
  "Identifier" : "1146195717",
  "Title" : "Skyline To"
}, {
  "Identifier" : "909561632",
  "Title" : "Neon Light"
}, {
  "Identifier" : "1146195716",
  "Title" : "Solo"
}, {
  "Identifier" : "1146195715",
  "Title" : "Be Yourself"
}, {
  "Identifier" : "643419201",
  "Title" : "Tom Sawyer"
}, {
  "Identifier" : "1146195725",
  "Title" : "White Ferrari"
}, {
  "Identifier" : "1146195724",
  "Title" : "Close to You"
}, {
  "Identifier" : "774075428",
  "Title" : "Show Me (feat. Chris Brown)"
}, {
  "Identifier" : "299951094",
  "Title" : "Chinese Music 18"
}, {
  "Identifier" : "1146195723",
  "Title" : "Facebook Story"
}, {
  "Identifier" : "1146195722",
  "Title" : "Pretty Sweet"
}, {
  "Identifier" : "1435294335",
  "Title" : "My Boy (feat. J. Cole) [Freestyle]"
}, {
  "Identifier" : "1146195721",
  "Title" : "Solo (Reprise)"
}, {
  "Identifier" : "1146195720",
  "Title" : "Nights"
}, {
  "Identifier" : "705510372",
  "Title" : "Come Thru"
}, {
  "Identifier" : "pl.pm-20e9f373919da080bb18d9f1775fa312",
  "Title" : "New Music Mix"
}, {
  "Identifier" : "418571516",
  "Title" : "Lights (Single Version)"
}, {
  "Identifier" : "1081608513",
  "Title" : "Joy To the World (Edit)"
}, {
  "Identifier" : "516738402",
  "Title" : "Stay Schemin' (feat. Drake & French Montana)"
}, {
  "Identifier" : "1248378144",
  "Title" : "Bodak Yellow"
}, {
  "Identifier" : "1345661298",
  "Title" : "Look Alive (feat. Drake)"
}, {
  "Identifier" : "1248515929",
  "Title" : "Bodak Yellow"
}, {
  "Identifier" : "1261185922",
  "Title" : "Unforgettable"
}, {
  "Identifier" : "973058767",
  "Title" : "Flicka da Wrist"
}, {
  "Identifier" : "1523001",
  "Title" : "Do You Love Me"
}, {
  "Identifier" : "1123232297",
  "Title" : "30 Hours"
}, {
  "Identifier" : "774075431",
  "Title" : "Main Chick (feat. Chris Brown)"
}, {
  "Identifier" : "724482315",
  "Title" : "Time to Say Goodbye (Con Te Partiro)"
}, {
  "Identifier" : "1139442867",
  "Title" : "C'mon (feat. GRiZ)"
}, {
  "Identifier" : "pl.ea2d9723b94c43c6bddff20b54f7a9d8",
  "Title" : "Boy Crazy"
}, {
  "Identifier" : "1039459590",
  "Title" : "Trap Queen"
}, {
  "Identifier" : "1146195728",
  "Title" : "Futura Free"
}, {
  "Identifier" : "1146195727",
  "Title" : "Godspeed"
}, {
  "Identifier" : "1146195726",
  "Title" : "Seigfried"
}, {
  "Identifier" : "990632726",
  "Title" : "The Hum"
}, {
  "Identifier" : "834673456",
  "Title" : "Fancy (feat. Charli XCX)"
}, {
  "Identifier" : "1172512610",
  "Title" : "Used to This (feat. Drake)"
}, {
  "Identifier" : "343083",
  "Title" : "Convoy"
}, {
  "Identifier" : "990632725",
  "Title" : "The Hum (Short Edit)"
}, {
  "Identifier" : "711617735",
  "Title" : "Shady Grove"
}, {
  "Identifier" : "1240982589",
  "Title" : "Good Drank (feat. Gucci Mane & Quavo)"
}, {
  "Identifier" : "pl.534d2c79190649a39b131cae2372d406",
  "Title" : "Guest List: Lil Wayne in the '10s"
}, {
  "Identifier" : "pl.6f7f515d1e374bf7be78dd99cb83330d",
  "Title" : "Baby Driver (Music from the Motion Picture)\n"
}, {
  "Identifier" : "403822460",
  "Title" : "Lost In the World (feat. Bon Iver)"
}, {
  "Identifier" : "198155375",
  "Title" : "Mannish Boy"
}, {
  "Identifier" : "880422205",
  "Title" : "Fight Night"
}, {
  "Identifier" : "1176102272",
  "Title" : "Just Go to Hell Dil"
}, {
  "Identifier" : "158816095",
  "Title" : "It's Still Rock and Roll To Me"
}, {
  "Identifier" : "1164365839",
  "Title" : "Dat $tick (Remix) [feat. Ghostface Killah & Pouya]"
}, {
  "Identifier" : "pl.f19f6b5be8474fe789e36a6242f6113e",
  "Title" : "New Fire \uD83D\uDD25"
}, {
  "Identifier" : "1176102268",
  "Title" : "Love You Zindagi"
}, {
  "Identifier" : "403822227",
  "Title" : "Dark Fantasy"
}, {
  "Identifier" : "201073215",
  "Title" : "Hardball"
}, {
  "Identifier" : "1185976060",
  "Title" : "Dangal"
}, {
  "Identifier" : "1053997001",
  "Title" : "Howlin' for You"
}, {
  "Identifier" : "308522325",
  "Title" : "As Long as You Love Me"
}, {
  "Identifier" : "655220514",
  "Title" : "Just Got Paid"
}, {
  "Identifier" : "169982391",
  "Title" : "Daddy's Money"
}, {
  "Identifier" : "1173106804",
  "Title" : "We the People...."
}, {
  "Identifier" : "1256675696",
  "Title" : "4:44"
}, {
  "Identifier" : "20833675",
  "Title" : "Once In a Lifetime"
}, {
  "Identifier" : "1373858939",
  "Title" : "Kevin's Heart"
}, {
  "Identifier" : "1229914472",
  "Title" : "Bon Appétit (feat. Migos)"
}, {
  "Identifier" : "281430765",
  "Title" : "Roses"
}, {
  "Identifier" : "1373858938",
  "Title" : "Motiv8"
}, {
  "Identifier" : "pl.97063750b319440580fe951053f9f85e",
  "Title" : "Behind the Boards: Boi-1da"
}, {
  "Identifier" : "1256675699",
  "Title" : "Family Feud (feat. Beyoncé)"
}, {
  "Identifier" : "pl.0cb8642e94c54a9c88c2fbdb4cb27be8",
  "Title" : "Behind the Boards: Dr. Dre"
}, {
  "Identifier" : "496363003",
  "Title" : "The Nosebleed Section"
}, {
  "Identifier" : "401264203",
  "Title" : "Can't Tell Me Nothing"
}, {
  "Identifier" : "1441493608",
  "Title" : "Mirrors"
}, {
  "Identifier" : "2481671",
  "Title" : "One Bourbon, One Scotch, One Beer"
}, {
  "Identifier" : "557737275",
  "Title" : "Wild Boy (feat. Waka Flocka Flame)"
}, {
  "Identifier" : "388148816",
  "Title" : "What Goes Around.../...Comes Around (Interlude)"
}, {
  "Identifier" : "403823545",
  "Title" : "Hell of a Life"
}, {
  "Identifier" : "1441493603",
  "Title" : "That Girl"
}, {
  "Identifier" : "564550104",
  "Title" : "Recognizer"
}, {
  "Identifier" : "662393051",
  "Title" : "Bound 2"
}, {
  "Identifier" : "476186478",
  "Title" : "Blow the Whistle"
}, {
  "Identifier" : "1441456690",
  "Title" : "I Thought About Killing You"
}, {
  "Identifier" : "62054970",
  "Title" : "Lotus Out of Water"
}, {
  "Identifier" : "281430764",
  "Title" : "Hey Ya! (Radio Mix / Club Mix)"
}, {
  "Identifier" : "1245372066",
  "Title" : "All Night"
}, {
  "Identifier" : "217613319",
  "Title" : "Hypnotize"
}, {
  "Identifier" : "1422024927",
  "Title" : "Blockbuster Night, Pt. 1"
}, {
  "Identifier" : "1245372061",
  "Title" : "Kill Jill (feat. Killer Mike & Jeezy)"
}, {
  "Identifier" : "185989192",
  "Title" : "You Never Even Called Me By My Name"
}, {
  "Identifier" : "541953590",
  "Title" : "Thinkin Bout You"
}, {
  "Identifier" : "541953591",
  "Title" : "Fertilizer"
}, {
  "Identifier" : "541953592",
  "Title" : "Sierra Leone"
}, {
  "Identifier" : "pl.u-kv9l2amtJlzb4y",
  "Title" : "Country"
}, {
  "Identifier" : "541953593",
  "Title" : "Sweet Life"
}, {
  "Identifier" : "541953594",
  "Title" : "Not Just Money"
}, {
  "Identifier" : "1294530307",
  "Title" : "Rake It Up (feat. Nicki Minaj)"
}, {
  "Identifier" : "541953597",
  "Title" : "Super Rich Kids (feat. Earl Sweatshirt)"
}, {
  "Identifier" : "158816070",
  "Title" : "Only the Good Die Young (Single Version)"
}, {
  "Identifier" : "1377984290",
  "Title" : "Ye vs. the People (starring T.I. as the People)"
}, {
  "Identifier" : "313178808",
  "Title" : "Roses"
}, {
  "Identifier" : "1256675690",
  "Title" : "The Story of O.J."
}, {
  "Identifier" : "1256675691",
  "Title" : "Smile (feat. Gloria Carter)"
}, {
  "Identifier" : "308522347",
  "Title" : "Show Me the Meaning of Being Lonely"
}, {
  "Identifier" : "403822449",
  "Title" : "Blame Game (feat. John Legend)"
}, {
  "Identifier" : "263570545",
  "Title" : "ATLiens"
}, {
  "Identifier" : "448973409",
  "Title" : "Even If It Breaks Your Heart"
}, {
  "Identifier" : "1225648839",
  "Title" : "Shine"
}, {
  "Identifier" : "258642521",
  "Title" : "Boot Scootin' Boogie"
}, {
  "Identifier" : "406211905",
  "Title" : "Good Vibrations (feat. Loleatta Holloway)"
}, {
  "Identifier" : "920596848",
  "Title" : "Who We Be"
}, {
  "Identifier" : "403822435",
  "Title" : "Hell of a Life"
}, {
  "Identifier" : "267976262",
  "Title" : "That's All"
}, {
  "Identifier" : "1364211873",
  "Title" : "The Whiskey & the Guitar"
}, {
  "Identifier" : "196168234",
  "Title" : "We Fly High"
}, {
  "Identifier" : "714916439",
  "Title" : "The Rockafeller Skank"
}, {
  "Identifier" : "403822433",
  "Title" : "Runaway (feat. Pusha T)"
}, {
  "Identifier" : "1209671667",
  "Title" : "Green Light"
}, {
  "Identifier" : "1256604228",
  "Title" : "Lil Booties Matter (feat. DJ Pretty Ricky)"
}, {
  "Identifier" : "308522758",
  "Title" : "More Than That (Radio Mix)"
}, {
  "Identifier" : "1373318914",
  "Title" : "Pickle Rick"
}, {
  "Identifier" : "499737980",
  "Title" : "Shuckin' The Corn"
}, {
  "Identifier" : "1024447079",
  "Title" : "Queen's Speech 4"
}, {
  "Identifier" : "598391848",
  "Title" : "That Girl"
}, {
  "Identifier" : "1331258586",
  "Title" : "All The Stars"
}, {
  "Identifier" : "598391845",
  "Title" : "Strawberry Bubblegum"
}, {
  "Identifier" : "1392975937",
  "Title" : "All Mine"
}, {
  "Identifier" : "598391850",
  "Title" : "Mirrors"
}, {
  "Identifier" : "701056540",
  "Title" : "Saagar Kinare (Saagar / Soundtrack Version) [Alternate] [Saagar / Soundtrack Version]"
}, {
  "Identifier" : "711136300",
  "Title" : "Pig In a Pen"
}, {
  "Identifier" : "714869141",
  "Title" : "Smoke! Smoke! Smoke! (That Cigarette)"
}, {
  "Identifier" : "278911479",
  "Title" : "Scenario"
}, {
  "Identifier" : "308522766",
  "Title" : "Drowning"
}, {
  "Identifier" : "pl.2b0e6e332fdf4b7a91164da3162127b5",
  "Title" : "Best of the Week"
}, {
  "Identifier" : "193898243",
  "Title" : "Willie, Waylon and Me"
}, {
  "Identifier" : "365215880",
  "Title" : "SexyBack (feat. Timbaland)"
}, {
  "Identifier" : "480054438",
  "Title" : "Levels"
}, {
  "Identifier" : "385558975",
  "Title" : "Bob Wills Is Still the King"
}, {
  "Identifier" : "511136467",
  "Title" : "Cashin' Out"
}, {
  "Identifier" : "448105861",
  "Title" : "Homeboy"
}, {
  "Identifier" : "1392975934",
  "Title" : "Yikes"
}, {
  "Identifier" : "1392975933",
  "Title" : "I Thought About Killing You"
}, {
  "Identifier" : "362760",
  "Title" : "Let Me Blow Ya Mind"
}, {
  "Identifier" : "320834570",
  "Title" : "Birthday Sex"
}, {
  "Identifier" : "273519677",
  "Title" : "Electric Feel"
}, {
  "Identifier" : "75404479",
  "Title" : "Milwaukee, Here I Come"
}, {
  "Identifier" : "582293572",
  "Title" : "F**kin' Problems (feat. Drake, 2 Chainz & Kendrick Lamar)"
}, {
  "Identifier" : "279044404",
  "Title" : "Chunk Up the Deuce (feat. UGK & Paul Wall)"
}, {
  "Identifier" : "pl.41fda5adbf9b4db4ba1a2c0a76099ef9",
  "Title" : "The Apple Music List"
}, {
  "Identifier" : "1031530821",
  "Title" : "Antidote"
}, {
  "Identifier" : "31112111",
  "Title" : "O.P.P."
}, {
  "Identifier" : "719583228",
  "Title" : "Caribou Lou"
}, {
  "Identifier" : "385558986",
  "Title" : "Luckenbach, Texas (Back to the Basics of Love)"
}, {
  "Identifier" : "934089000",
  "Title" : "Fat Bottomed Girls"
}, {
  "Identifier" : "991637604",
  "Title" : "The Hum"
}, {
  "Identifier" : "1199947216",
  "Title" : "Body Like a Back Road"
}, {
  "Identifier" : "1349454265",
  "Title" : "Psycho (feat. Ty Dolla $ign)"
}, {
  "Identifier" : "385558989",
  "Title" : "Mammas, Don't Let Your Babies Grow Up to Be Cowboys"
}, {
  "Identifier" : "1123232221",
  "Title" : "Ultralight Beam"
}, {
  "Identifier" : "1154238873",
  "Title" : "Hair Up"
}, {
  "Identifier" : "1123232222",
  "Title" : "Father Stretch My Hands, Pt. 1"
}, {
  "Identifier" : "1123232223",
  "Title" : "Pt. 2"
}, {
  "Identifier" : "297019867",
  "Title" : "Better"
}, {
  "Identifier" : "1123232224",
  "Title" : "Famous"
}, {
  "Identifier" : "303099934",
  "Title" : "My Love (feat. T.I.) [Single Version]"
}, {
  "Identifier" : "999100815",
  "Title" : "Ain't Too Proud To Beg"
}, {
  "Identifier" : "5926110",
  "Title" : "Workout Plan"
}, {
  "Identifier" : "1398449939",
  "Title" : "Coco Chanel (feat. Foxy Brown)"
}, {
  "Identifier" : "1337998107",
  "Title" : "God's Plan"
}, {
  "Identifier" : "400946435",
  "Title" : "SexyBack (feat. Timbaland)"
}, {
  "Identifier" : "6544628",
  "Title" : "The Everclear Song"
}, {
  "Identifier" : "598391810",
  "Title" : "Suit & Tie (feat. JAY Z)"
}, {
  "Identifier" : "251517213",
  "Title" : "Keep Your Hands to Yourself"
}, {
  "Identifier" : "1245880441",
  "Title" : "Kill Jill (feat. Killer Mike & Jeezy)"
}, {
  "Identifier" : "932648627",
  "Title" : "Crazy Little Thing Called Love"
}, {
  "Identifier" : "400946439",
  "Title" : "My Love (feat. T.I.)"
}, {
  "Identifier" : "574044008",
  "Title" : "Highway to Hell"
}, {
  "Identifier" : "1155517550",
  "Title" : "Tere Mere Dil"
}, {
  "Identifier" : "691239065",
  "Title" : "We Can't Stop"
}, {
  "Identifier" : "308522556",
  "Title" : "Larger Than Life"
}, {
  "Identifier" : "1373858923",
  "Title" : "KOD"
}, {
  "Identifier" : "1405207218",
  "Title" : "Sorry Not Sorry (Acoustic)"
}, {
  "Identifier" : "725839467",
  "Title" : "Up On Cripple Creek"
}, {
  "Identifier" : "157434128",
  "Title" : "September"
}, {
  "Identifier" : "299550144",
  "Title" : "(What a) Wonderful World"
}, {
  "Identifier" : "560097715",
  "Title" : "Thrift Shop (feat. Wanz)"
}, {
  "Identifier" : "1236464716",
  "Title" : "Bon Appétit (feat. Migos)"
}, {
  "Identifier" : "1038617318",
  "Title" : "Red Light Green Light"
}, {
  "Identifier" : "1113240159",
  "Title" : "All Night (feat. Knox Fortune)"
}, {
  "Identifier" : "79483284",
  "Title" : "Touch the Sky (feat. Lupe Fiasco)"
}, {
  "Identifier" : "96369416",
  "Title" : "Bayou Boogie"
}, {
  "Identifier" : "107491",
  "Title" : "Quality Control"
}, {
  "Identifier" : "1402965706",
  "Title" : "Hurry (feat. Kanye West)"
}, {
  "Identifier" : "666625197",
  "Title" : "The More I Drink"
}, {
  "Identifier" : "1402965705",
  "Title" : "Issues / Hold On"
}, {
  "Identifier" : "1276230123",
  "Title" : "Remember the Name (feat. Styles of Beyond)"
}, {
  "Identifier" : "1031345892",
  "Title" : "It's a Small World (From \"it's a small world\")"
}, {
  "Identifier" : "78845155",
  "Title" : "Foggy Mountain Breakdown"
}, {
  "Identifier" : "280508856",
  "Title" : "Good Day"
}, {
  "Identifier" : "pl.abe8ba42278f4ef490e3a9fc5ec8e8c5",
  "Title" : "The A-List: Hip-Hop"
}, {
  "Identifier" : "331538375",
  "Title" : "Ghosts 'n' Stuff (feat. Rob Swire)"
}, {
  "Identifier" : "1050203620",
  "Title" : "Roses (feat. ROZES)"
}, {
  "Identifier" : "111981",
  "Title" : "What's Golden"
}, {
  "Identifier" : "79483298",
  "Title" : "Gold Digger (feat. Jamie Foxx)"
}, {
  "Identifier" : "1089630580",
  "Title" : "MFN Right"
}, {
  "Identifier" : "731756778",
  "Title" : "The Monster (feat. Rihanna)"
}, {
  "Identifier" : "731756775",
  "Title" : "Rap God"
}, {
  "Identifier" : "14090344",
  "Title" : "Gimme Some Lovin'"
}, {
  "Identifier" : "1364078918",
  "Title" : "PICK IT UP (feat. A$AP Rocky)"
}, {
  "Identifier" : "403822299",
  "Title" : "Power"
}, {
  "Identifier" : "1031345420",
  "Title" : "The Tiki, Tiki, Tiki Room (From The Enchanted Tiki Room)"
}, {
  "Identifier" : "365805054",
  "Title" : "Little Secrets"
}, {
  "Identifier" : "255135701",
  "Title" : "Charlie Brown (Remastered 2007)"
}, {
  "Identifier" : "834632501",
  "Title" : "Move That Dope (feat. Pharrell, Pusha T & Casino)"
}, {
  "Identifier" : "2133788",
  "Title" : "Rocky Top (Single Version)"
}, {
  "Identifier" : "388149278",
  "Title" : "Until the End of Time (feat. Beyonce)"
}, {
  "Identifier" : "403822285",
  "Title" : "Gorgeous (feat. Kid Cudi & Raekwon)"
}, {
  "Identifier" : "330341472",
  "Title" : "Pursuit of Happiness (Nightmare) [feat. MGMT & Ratatat]"
}, {
  "Identifier" : "620477618",
  "Title" : "Love Me (feat. Drake & Future)"
}, {
  "Identifier" : "pl.6bf4415b83ce4f3789614ac4c3675740",
  "Title" : "The A-List: Dance"
}, {
  "Identifier" : "915794205",
  "Title" : "The Troubles"
}, {
  "Identifier" : "485495706",
  "Title" : "Come As You Are"
}, {
  "Identifier" : "673575193",
  "Title" : "Dil To Pagal Hai"
}, {
  "Identifier" : "207316081",
  "Title" : "Pickup Man"
}, {
  "Identifier" : "485495704",
  "Title" : "Smells Like Teen Spirit"
}, {
  "Identifier" : "915794204",
  "Title" : "This Is Where You Can Reach Me Now"
}, {
  "Identifier" : "pl.d60caf02fcce4d7e9788fe01243b7c2c",
  "Title" : "The A-List: Bollywood"
}, {
  "Identifier" : "310110477",
  "Title" : "Pissin' In the Wind"
}, {
  "Identifier" : "415521",
  "Title" : "Who We Be"
}, {
  "Identifier" : "331351259",
  "Title" : "The Beautiful People"
}, {
  "Identifier" : "310908515",
  "Title" : "California Love"
}, {
  "Identifier" : "1147703580",
  "Title" : "Closer"
}, {
  "Identifier" : "380588841",
  "Title" : "Me and Julio Down By the Schoolyard"
}, {
  "Identifier" : "158816462",
  "Title" : "We Didn't Start the Fire"
}, {
  "Identifier" : "274750923",
  "Title" : "Good Time"
}, {
  "Identifier" : "485495708",
  "Title" : "Lithium"
}, {
  "Identifier" : "1113240369",
  "Title" : "Finish Line / Drown (feat. T-Pain, Kirk Franklin, Eryn Allen Kane & Noname)"
}, {
  "Identifier" : "1350060041",
  "Title" : "B*****t"
}, {
  "Identifier" : "pl.66c17ed5cc754856b944a9150483e375",
  "Title" : "The A-List: Classical"
}, {
  "Identifier" : "632787511",
  "Title" : "Pop That (feat. Rick Ross, Drake & Lil Wayne)"
}, {
  "Identifier" : "579147822",
  "Title" : "Master of Puppets"
}, {
  "Identifier" : "1336756656",
  "Title" : "The Middle"
}, {
  "Identifier" : "829083954",
  "Title" : "Trophies (feat. Drake)"
}, {
  "Identifier" : "406192557",
  "Title" : "Derezzed"
}, {
  "Identifier" : "1485613",
  "Title" : "Give Up the Funk (Tear the Roof Off the Sucker)"
}, {
  "Identifier" : "406192554",
  "Title" : "End of Line"
}, {
  "Identifier" : "1177263325",
  "Title" : "Buy Back the Block (feat. 2 Chainz & Gucci Mane)"
}, {
  "Identifier" : "1439777400",
  "Title" : "Money"
}, {
  "Identifier" : "275621661",
  "Title" : "Our Song"
}, {
  "Identifier" : "1273397834",
  "Title" : "Sorry Not Sorry"
}, {
  "Identifier" : "581997309",
  "Title" : "F**kin' Problems (feat. Drake, 2 Chainz & Kendrick Lamar)"
}, {
  "Identifier" : "1200868875",
  "Title" : "Location"
}, {
  "Identifier" : "308611112",
  "Title" : "As Long as You Love Me"
}, {
  "Identifier" : "187583901",
  "Title" : "Spirit In the Sky"
}, {
  "Identifier" : "344799464",
  "Title" : "Purple Haze"
}, {
  "Identifier" : "474646557",
  "Title" : "Original Don (feat. The Partysquad)"
}, {
  "Identifier" : "534970463",
  "Title" : "Amen (feat. Drake)"
}, {
  "Identifier" : "336360560",
  "Title" : "The Beautiful People"
}, {
  "Identifier" : "1399227222",
  "Title" : "Bigger Than You (feat. Drake & Quavo)"
}, {
  "Identifier" : "308611114",
  "Title" : "Everybody (Backstreet's Back) [Extended Version]"
}, {
  "Identifier" : "403780",
  "Title" : "Peace Train"
}, {
  "Identifier" : "201274644",
  "Title" : "Crazy in Love (feat. Jay-Z)"
}, {
  "Identifier" : "301683668",
  "Title" : "Jambalaya"
}, {
  "Identifier" : "388783818",
  "Title" : "Pretty Good at Drinkin' Beer"
}, {
  "Identifier" : "157485087",
  "Title" : "I Want You"
}, {
  "Identifier" : "1146333813",
  "Title" : "Lotto (Chinese Version)"
}, {
  "Identifier" : "279367177",
  "Title" : "She's a Hottie (Single Version)"
}, {
  "Identifier" : "989874555",
  "Title" : "Elastic Heart"
}, {
  "Identifier" : "266075721",
  "Title" : "Trampled Under Foot"
}, {
  "Identifier" : "948443708",
  "Title" : "Tuesday (feat. Drake)"
}, {
  "Identifier" : "426663069",
  "Title" : "Black and Yellow"
}, {
  "Identifier" : "83134182",
  "Title" : "Get Ur Freak On (LP Version)"
}, {
  "Identifier" : "440260606",
  "Title" : "Sookie Now (feat. David Banner)"
}, {
  "Identifier" : "358600282",
  "Title" : "Fishin' In the Dark"
}, {
  "Identifier" : "1161313134",
  "Title" : "Mirzya"
}, {
  "Identifier" : "662130229",
  "Title" : "Rocky Mountain Way"
}, {
  "Identifier" : "752461616",
  "Title" : "3005"
}, {
  "Identifier" : "1240204285",
  "Title" : "I Fink U Freeky"
}, {
  "Identifier" : "1357748568",
  "Title" : "Kill Jill (feat. Killer Mike & Jeezy)"
}, {
  "Identifier" : "170336147",
  "Title" : "It's a Great Day to Be Alive"
}, {
  "Identifier" : "850697815",
  "Title" : "Love Never Felt So Good"
}, {
  "Identifier" : "132674",
  "Title" : "Renegade"
}, {
  "Identifier" : "282723678",
  "Title" : "El Fusilado"
}, {
  "Identifier" : "1041185276",
  "Title" : "Cut It (feat. Young Dolph)"
}, {
  "Identifier" : "897564278",
  "Title" : "Say My Name (feat. Zyra)"
}, {
  "Identifier" : "602852367",
  "Title" : "Chloroform"
}, {
  "Identifier" : "1168812122",
  "Title" : "Bad and Boujee (feat. Lil Uzi Vert)"
}, {
  "Identifier" : "993953025",
  "Title" : "Change My Name"
}, {
  "Identifier" : "293391464",
  "Title" : "Get Up"
}, {
  "Identifier" : "1125495887",
  "Title" : "First Date"
}, {
  "Identifier" : "726421736",
  "Title" : "Feel Good Inc"
}, {
  "Identifier" : "192684848",
  "Title" : "Praise You"
}, {
  "Identifier" : "185988732",
  "Title" : "The Ride"
}, {
  "Identifier" : "1206479500",
  "Title" : "Black Cat Friday"
}, {
  "Identifier" : "693751201",
  "Title" : "Technologic"
}, {
  "Identifier" : "1058922947",
  "Title" : "Might Not (feat. The Weeknd)"
}, {
  "Identifier" : "308522701",
  "Title" : "Shape of My Heart"
}, {
  "Identifier" : "589188447",
  "Title" : "All Gold Everything"
}, {
  "Identifier" : "308522705",
  "Title" : "The One"
}, {
  "Identifier" : "1145990236",
  "Title" : "Money"
}, {
  "Identifier" : "295740275",
  "Title" : "Where the Boat Leaves From"
}, {
  "Identifier" : "456127779",
  "Title" : "Here for a Good Time"
}, {
  "Identifier" : "295740278",
  "Title" : "Chicken Fried"
}, {
  "Identifier" : "919237315",
  "Title" : "About the Money (feat. Young Thug)"
}, {
  "Identifier" : "303251233",
  "Title" : "Too Much Fun"
}, {
  "Identifier" : "71580161",
  "Title" : "Family Tradition"
}, {
  "Identifier" : "1108125379",
  "Title" : "Work Out"
} ]