Transaction date,Country,Order number,Amount,Transaction type
2012-05-24T22:38:38,US,A500000002109641,25.53,REDEEM
2012-05-24T22:38:38,US,A500000002109641,25.53,REDEEM
2012-05-24T22:39:47,US,MHL3FS0ZXG-0,1.40,DEBIT
2012-05-24T22:52:26,US,MHL3FS0ZXG-1,3.23,DEBIT
2012-05-25T20:45:34,US,MHL3FS0ZXG-2,1.40,DEBIT
2012-05-25T20:51:09,US,MHL3FS0ZXG-3,1.07,DEBIT
2012-05-25T21:02:41,US,MHL3FS0ZXG-4,1.07,DEBIT
2012-05-25T21:03:07,US,MHL3FS0ZXG-5,1.07,DEBIT
2012-06-04T22:15:59,US,MHL3GWL26L-0,1.40,DEBIT
2012-06-09T15:39:00,US,MHL3HBBV18-0,1.07,DEBIT
2012-06-09T15:47:42,US,MHL3HBBV18-1,1.40,DEBIT
2012-06-24T04:38:22,US,MHL3JWKWL2-0,3.24,DEBIT
2012-07-02T23:40:53,US,MHL3KNDD8F-0,0.75,DEBIT
2012-07-02T23:45:59,US,MHL3KNDD8F-1,1.39,DEBIT
2012-07-06T18:09:27,US,MHL3L0B08N-0,1.40,DEBIT
2012-07-08T03:02:40,US,MHL3L4WJ89-0,1.40,DEBIT
2012-08-09T14:37:24,US,MHL3QJG8H9-0,1.40,DEBIT
2012-08-09T22:16:52,US,MHL3QKJZNV-0,3.24,DEBIT
2012-08-09T22:16:52,US,A500000002651895,0.40,REDEEM
2012-08-09T22:16:52,US,A500000002651895,0.40,REDEEM
2013-02-12T02:22:27,US,A500000004324418,15.00,REDEEM
2013-02-12T02:22:27,US,A500000004324418,15.00,REDEEM
2013-02-12T02:32:53,US,MHL4KM2GB9-0,1.40,DEBIT
2013-02-12T02:38:52,US,MHL4KM2GB9-1,1.39,DEBIT
2013-02-14T22:47:07,US,MHL4KZSGMS-0,1.07,DEBIT
2013-02-19T00:01:41,US,MHL4LHKTD5-0,1.40,DEBIT
2013-03-06T15:42:08,US,MHL4NNY5B8-0,1.40,DEBIT
2013-03-11T21:40:09,US,MHL4QH4KD7-0,1.07,DEBIT
2013-03-11T22:58:16,US,MHL4QH4KD7-1,1.40,DEBIT
2013-03-11T22:58:34,US,MHL4QH4KD7-2,1.39,DEBIT
2013-03-16T03:41:02,US,MHL4S2LWNV-0,1.40,DEBIT
2013-03-23T19:59:21,US,MHL4T6W835-0,1.40,DEBIT
2013-03-23T20:01:11,US,MHL4T6W835-1,1.07,DEBIT
2013-03-25T02:43:49,US,A500000004678251,0.79,REDEEM
2013-03-25T02:43:49,US,A500000004678251,0.79,REDEEM
2013-03-25T02:43:50,US,MHL4TDHXSB-0,1.40,DEBIT
