"Item Reference","Item Description","Last activity timestamp","Playback position","Play count","Has been played?"
286225903,"Entourage - Season 3 - Manic Monday",1904-01-01T00:00:00Z,0.000,1,Yes
286221706,"Entourage - Season 3 - Vegas Baby, Vegas!",1904-01-01T00:00:00Z,0.000,1,Yes
516743018,"Top Gear - Season 18 - Episode 1",1904-01-01T00:00:00Z,0.000,1,Yes
286225256,"Entourage - Season 3 - Less Than 30",1904-01-01T00:00:00Z,0.000,1,Yes
286228598,"Entourage - Season 2 - The Bat Mitzvah",1904-01-01T00:00:00Z,0.000,1,Yes
335269906,"Community - Season 1 - Social Psychology",1904-01-01T00:00:00Z,0.000,1,Yes
286227448,"Entourage - Season 3 - Gotcha!",1904-01-01T00:00:00Z,0.000,1,Yes
480886480,"Workaholics - Season 2 - Man Up",1904-01-01T00:00:00Z,0.000,1,Yes
"df7d07260945e790d43a43b37a16dd02",N/A,2013-02-19T05:48:29Z,0.000,1,Yes
495202978,"Fringe - Season 4 - Back to Where You've Never Been",2013-04-24T02:48:59Z,6.304,1,Yes
286225431,"Entourage - Season 2 - Neighbors",2013-04-24T02:49:12Z,2.122,1,Yes
"0ff87f47e34b98842eab1b820306021c",N/A,2013-05-01T13:29:30Z,25.986,2,Yes
"2eeb780b128c365009e43d999f453567",N/A,2014-09-23T23:53:05Z,880.150,0,Yes
"0838df4e1d4fbe09dcd53ccf12241577",N/A,2015-06-11T05:30:19Z,26709.195,0,Yes
"fc37fdf7003c2883de2d7f60c547a105",N/A,2016-06-07T11:27:33.092Z,1724.005,0,Yes
"4e632504c8e793c7b41e50cfc01be2ea",N/A,2016-06-08T11:44:46.340Z,16.001,1,Yes
"05926ff4b749a03c83287c0695d797ee",N/A,2016-06-10T16:09:05.798Z,0.000,2,Yes
"a96c3bf4a229f015704cb063e611255f",N/A,2016-06-13T11:38:43.124Z,5324.005,0,Yes
"db349acecaf9499e2c7b27caddecc30b",N/A,2016-06-21T12:09:45.241Z,0.000,1,Yes
"6d4dec66fd68d80fa5d843ef8754c891",N/A,2016-06-21T14:34:58.784Z,0.000,1,Yes
"f55c00e05c34a9445c9001e5f2940550",N/A,2016-06-21T16:18:19.514Z,866.001,0,Yes
"4122f38ab3f81641752c11b8056006a0",N/A,2016-06-21T16:18:22.445Z,0.000,2,Yes
"1314570aa260fed26497178540aa1fb4",N/A,2016-06-21T16:18:32.080Z,2.002,0,Yes
"dcec2e8f8fc2847fbeba84a71381959e",N/A,2016-06-21T21:27:47.532Z,3959.003,0,Yes
"829867e9a79533cfe7217374c6a6cb58",N/A,2016-06-24T21:32:36.719Z,0.000,0,No
"6ce2041f61bd6e9db640e65c3e8203f4",N/A,2016-06-25T01:31:04.282Z,0.000,1,Yes
"6bfe7cdbe557241a2c21294e55eded1e",N/A,2016-06-29T12:06:13.952Z,0.000,0,No
"a6665457c59cf21255bc6c7dea0307f9",N/A,2016-06-29T16:12:32.511Z,0.000,1,Yes
"aa9d66295353833e341074c029ae981c",N/A,2016-06-30T17:05:31.585Z,1311.001,0,Yes
"b928b080b29421128cd1f995b06186bd",N/A,2016-06-30T21:23:16.832Z,0.000,1,Yes
"09e6035c9658672891a473b61f1c57d4",N/A,2016-07-04T22:01:58.465Z,0.000,1,Yes
"6c33af842585bfe1c101417fb0dbca44",N/A,2016-07-04T22:12:38.882Z,639.000,0,Yes
"ff7cf74eb5061fe7bcaf666f7854ef27",N/A,2016-07-04T22:40:45.591Z,0.000,1,Yes
"445542debeae74c7fb36788ae5696ad2",N/A,2016-07-04T22:44:19.718Z,2.727,1,Yes
"bfdada13a32d1c644534a7b74e5ce9c0",N/A,2016-07-04T23:07:36.970Z,0.000,1,Yes
"ffcf10be8d395486d7f21c42c79b68c9",N/A,2016-07-04T23:25:39.461Z,0.000,1,Yes
"6150e7ef05266b231ef51d343e805b7a",N/A,2016-07-06T21:46:37.666Z,0.000,0,No
"f1d8f6a4d15b949e49dfb146ffb819eb",N/A,2016-07-06T21:47:27.750Z,0.000,1,Yes
"4649beab265376d34ac9342af889190e",N/A,2016-07-08T20:47:30.572Z,0.000,1,Yes
"b565f34b1ae1a3ea164ec48688293eed",N/A,2016-07-11T13:38:40.158Z,0.000,0,No
"4ce5acf623e554db6b20d851a9f37f22",N/A,2016-07-13T00:06:27.554Z,0.000,0,No
"0dfb0f3b92dc0252e90e6fb78285f69f",N/A,2016-07-13T12:28:24.356Z,0.000,1,Yes
"bc05cfc17333b61cbe378474eb9be88b",N/A,2016-07-13T12:47:55.271Z,0.000,1,Yes
"54c43ec6f86dcd85256be149ae2ee57f",N/A,2016-07-13T22:01:11.192Z,93.001,0,Yes
"769761f18fbdabff63027f39680a4633",N/A,2016-07-13T22:03:32.802Z,141.001,0,Yes
"7e473084e2df8560ebc294e4fc1dd4d9",N/A,2016-07-14T17:59:43.539Z,0.000,0,No
"2af81e9eef5fe9dd29171d0d311905fb",N/A,2016-07-17T00:40:03.699Z,174.000,0,Yes
"0e78f6f67e8d42031d6380952c25a1fb",N/A,2016-07-19T21:48:24.577Z,2752.003,0,Yes
"dfae343ceb68e197795146562967fa30",N/A,2016-07-20T21:16:34.465Z,3400.001,0,Yes
"f2f5dd53fc25f0d2730d48eeaec8ba3f",N/A,2016-07-21T12:09:30.236Z,0.000,1,Yes
"e58bebe4bf75595836e8c5a9ee8b2d0d",N/A,2016-07-21T15:16:29.309Z,0.000,0,No
"c710838e891c6175d6e6b91abd0549a9",N/A,2016-07-22T14:13:15.727Z,1450.005,0,Yes
"cbe8cc6720ee2ebbea7334add69f570d",N/A,2016-07-22T16:52:45.060Z,0.000,0,No
"73cba2757680f5a513be733f4a819055",N/A,2016-07-24T22:42:16.427Z,0.000,0,No
"4e55bc7604a1b48a30270db2eb834640",N/A,2016-07-27T20:48:21.430Z,0.000,0,No
"5062f3b874fc32e0472a640b9142bfad",N/A,2016-07-27T21:41:31.153Z,1111.002,0,Yes
"502d8aaebeb4963fdde9b0ad3bcf067c",N/A,2016-07-29T01:22:56.963Z,0.000,0,No
"718fb8d07ba57602cee133d380076003",N/A,2016-08-01T14:45:47.376Z,0.000,0,No
"55fe4a6c94f735780fafbbd72c643f35",N/A,2016-08-01T21:43:12.045Z,0.000,1,Yes
"32bfa5e31f5c63f8f8af02ba222fa8c7",N/A,2016-08-04T18:52:34.239Z,0.000,0,No
"797b9e07bbbb2847431d75455a1d8c63",N/A,2016-08-04T21:06:12.133Z,769.002,0,Yes
"4b3b705a12df0e91e071ed5fbec732b9",N/A,2016-08-05T12:00:24.895Z,0.000,1,Yes
"6d1c3687fd898f25b68c10b72cc6f832",N/A,2016-08-09T22:00:16.115Z,0.000,0,No
"f77f474ef80819c3f80b538a697a68fc",N/A,2016-08-09T22:00:16.381Z,1913.003,0,Yes
"e4d18d3ae616983af2e7aed7bbd75a54",N/A,2016-08-10T12:28:09.416Z,0.000,1,Yes
"e072bcfa73c403f1f691f29e9b5c3cdd",N/A,2016-08-15T14:28:58.835Z,0.000,0,No
"2857cf6a5cbe9f6193340c4f0b1d2a03",N/A,2016-08-15T21:06:27.482Z,143.005,0,Yes
"67c6928b37243ed05a690445e4464891",N/A,2016-08-17T21:13:58.320Z,0.000,1,Yes
"d6d262762db8cfbdcc6b9d5df09dc218",N/A,2016-08-18T21:51:33.037Z,0.000,1,Yes
"09b6376a1ff05227ab2fb1b21b783dad",N/A,2016-08-26T18:26:27.269Z,0.000,2,Yes
"c60e4e94b3ab740e4551eb2af1e5930a",N/A,2016-08-26T18:31:09.502Z,178.001,0,Yes
"aebcd3efa280c078c8c68fc32d571e6f",N/A,2016-08-26T18:55:54.045Z,0.000,1,Yes
"f04ea0933de5b31d54e28f920e561592",N/A,2016-08-26T20:49:30.465Z,0.000,1,Yes
"9b5c8291e5bd4e02225db66c21c86ffc",N/A,2016-08-26T21:41:14.860Z,12.003,0,No
"b8e6bf39fbf822764ff474dfab97109b",N/A,2016-08-26T22:09:28.538Z,0.000,1,Yes
"e2c36cdfd90a1aaad2a1647d941e0a6c",N/A,2016-08-28T18:32:51.665Z,2.004,0,No
"c38d0ba643d832dcb63750e06a522794",N/A,2016-08-28T18:52:29.233Z,0.000,1,Yes
"3c2204aa6b812a5a4defd597be94d048",N/A,2016-08-29T02:53:54.857Z,24.005,0,Yes
"ac0104e9e2bdd229ccbb2fee5fbe19a1",N/A,2016-08-29T02:57:17.102Z,1.986,1,Yes
"38aa476a89cd52f260513fddc8084c8c",N/A,2016-08-29T02:59:46.789Z,15.000,2,Yes
"ad20a9b0fc3fae7cf5ff1d164a0083be",N/A,2016-08-31T11:52:24.818Z,0.000,0,No
"d10ee70b5edb2c0a63f5756f5f0fe4ed",N/A,2016-09-01T11:53:05.687Z,0.000,0,No
"c2949808501c50199e0625cbb6a7ad6c",N/A,2016-09-02T12:07:33.867Z,0.000,0,No
"0b33db1082ff5b089d78e4cab10505e5",N/A,2016-09-02T12:19:03.205Z,1020.001,0,Yes
"6fa15f4ed981814bff9b32f79663de98",N/A,2016-09-05T01:42:01.495Z,230.004,0,No
"ca89b45f3bb580994933e35fdc7b77bf",N/A,2016-09-13T14:32:36.114Z,671.006,0,Yes
"25870e73b41a495bdc475a0ff726a954",N/A,2016-09-13T15:29:05.695Z,0.000,0,No
"33335ec7959a96b4ce9c74c059ead95e",N/A,2016-09-13T15:29:05.695Z,0.000,0,No
"de04a048a3c48c013ee2d3e7094145d1",N/A,2016-09-13T21:50:27.132Z,0.000,1,Yes
"a1a3b289c4dcd611bc20e16f2503dece",N/A,2016-09-14T16:07:39.822Z,15.001,0,Yes
"16a5d46353650af5b05ed2140b1952b7",N/A,2016-09-17T22:46:22.043Z,1568.005,0,Yes
"859fb4804eaaa53659c458b6e5661623",N/A,2016-09-18T21:55:47.790Z,0.000,2,Yes
"9c7d165c938aafc62990d76e5274e28e",N/A,2016-09-22T12:42:33.634Z,0.000,1,Yes
"d5707c1a7a6e95358955bb6d70970a3e",N/A,2016-09-27T21:02:04.452Z,706.003,0,Yes
"7b4aa6b5bc6538336fc05020bb1666f6",N/A,2016-09-29T14:17:54.851Z,708.003,0,Yes
"5b1cf6430ff2dcf1615d22b63e380b67",N/A,2016-10-02T20:31:00.796Z,956.005,0,Yes
"162f7dd81a5229b88758a9183dfedd27",N/A,2016-10-06T01:03:54.148Z,0.000,1,Yes
"5191da0a2278df8e5d2acdd77e7279d4",N/A,2016-10-07T20:13:59.844Z,6.001,0,No
"1bf210a2125f5ca9c47c84adbafb7626",N/A,2016-10-07T20:31:52.345Z,0.000,1,Yes
"dd985fc4e54d2dc1b951a72417307db4",N/A,2016-10-07T20:31:59.256Z,969.012,1,Yes
"616dbfbb11061b03637223672a08d1d4",N/A,2016-10-12T20:54:05.853Z,0.000,1,Yes
"3fbeab24834f002d2882ed9278553ea1",N/A,2016-10-17T17:56:35.554Z,0.000,0,No
"84749db12eac3baaeb563af995cdaf19",N/A,2016-10-17T17:56:53.841Z,0.000,0,No
"56b1ad13035905045458594953d4749f",N/A,2016-10-18T14:10:37.161Z,0.000,1,Yes
"b82cf7d0d473d0d514bb5ef2186fb3f9",N/A,2016-10-18T21:28:33.075Z,0.000,1,Yes
"fae465d8e2361bab8273542ecabd53e2",N/A,2016-10-21T21:20:14.104Z,893.004,0,Yes
"5f52ad9b2ccaaa21d756881806ebb02d",N/A,2016-10-24T20:22:43.262Z,0.000,0,No
"67bde28f0c7e401d38c5d0ceeff1b855",N/A,2016-10-24T20:53:36.671Z,0.000,1,Yes
"de9d1ca113db0b90d2c2576e5819c2cf",N/A,2016-10-24T22:58:05.624Z,0.000,2,Yes
"9640052d7bb39afd1bd7876600ef758d",N/A,2016-10-25T14:42:49.262Z,0.000,1,Yes
"fc5dc806483db876c63b2589501992e4",N/A,2016-10-27T22:56:50.217Z,395.005,0,Yes
"1054a94c3d096dea4c150aa03c133889",N/A,2016-10-29T22:16:37.639Z,0.000,0,No
"da0c731bb6e845fc82124aceef7f3d88",N/A,2016-10-29T22:16:37.639Z,0.000,0,No
"f93a5116645c0b42930b0fdc3d538a44",N/A,2016-11-03T20:22:20.948Z,0.000,0,No
"701e563119386ee02b57a26514626318",N/A,2016-11-07T13:01:40.472Z,0.000,0,No
"a2965dc7460488fc205830013f263f3a",N/A,2016-11-07T13:01:40.472Z,0.000,0,No
"cfcd7f05856e08a9767a136b327ff9ad",N/A,2016-11-11T11:27:15.403Z,0.000,0,No
"fc408f6715ddea9932e4f2f8da286fdc",N/A,2016-11-11T11:27:15.404Z,0.000,0,No
"525c079a7364dfabf4a4ea3f5379e1f6",N/A,2016-11-15T00:17:16.698Z,0.000,0,No
"77787f771ce123dbaf3a796ff3915d07",N/A,2016-11-23T00:36:16.707Z,0.000,0,No
"b88aea7178e2ad0a2651c5410f86bb46",N/A,2016-11-23T00:36:16.707Z,0.000,0,No
"009ad48a3b9ba3f31202d20a97588aea",N/A,2016-12-01T02:08:44.692Z,0.000,0,No
"1af531e616c0f382543289a6ce576076",N/A,2016-12-01T02:08:44.692Z,0.000,0,No
"54bfc9f54c5c836c0707861c0a507d10",N/A,2016-12-01T02:08:44.693Z,0.000,0,No
"073176e97bca6fe02a330302daa22cf9",N/A,2016-12-01T02:09:09.580Z,403.005,0,Yes
"32b497bb99f27403c669d429be242733",N/A,2016-12-05T21:37:15.011Z,0.000,0,No
"f94886b475ac8dc7e49641a752ea3ca6",N/A,2016-12-05T21:37:15.011Z,0.000,0,No
"2e9ac587308bfe67ca56973096ea1aa2",N/A,2016-12-05T23:13:44.270Z,566.000,0,Yes
"3b755476ac7fa7c068176c13a2623650",N/A,2016-12-09T11:33:52.506Z,0.000,0,No
"61b0397fbba92f8a7de0ee46f433ffe7",N/A,2016-12-09T11:33:52.506Z,0.000,0,No
"9f6d791248705f0c2bd75e39318ec519",N/A,2016-12-09T11:33:52.506Z,0.000,0,No
"01416d86b243a7fc89a3dea1a272b4d5",N/A,2016-12-09T13:30:48.291Z,0.000,1,Yes
"7b311e4b76dfc10eb177dc8d9d061808",N/A,2016-12-09T12:29:22.130Z,188.002,0,Yes
"524ee394c92323a354f7a5761b1169ed",N/A,2016-12-10T17:50:27.671Z,0.000,0,No
"43d192e1413f3bcb81fd4533d29c3d5c",N/A,2016-12-12T21:32:29.592Z,0.000,1,Yes
"85a98326545a858949f57ae43c7e4f85",N/A,2016-12-12T21:32:32.875Z,0.000,1,Yes
"8c63347365cc56d2bb5254babd0d3781",N/A,2016-12-12T21:32:31.275Z,0.000,1,Yes
"e7f6b3402742d54656ac382bf0f656bc",N/A,2016-12-12T21:32:35.559Z,0.000,1,Yes
"af3273205d53afc78d267edd099a7068",N/A,2016-12-12T21:32:36.808Z,0.000,1,Yes
"b1a2c82fb44ed0ac76d173b5ae486aa9",N/A,2016-12-12T21:32:38.042Z,0.000,1,Yes
"f9a9ba90ab248980b734c6377251ceec",N/A,2016-12-12T21:32:39.709Z,7.920,1,Yes
"67bbc2a4199b060db5f9b0ca8263ebf0",N/A,2016-12-12T21:32:47.610Z,0.000,2,Yes
"8f3b7f0f5d44358d8c6670898df32f97",N/A,2016-12-12T21:32:46.573Z,0.000,1,Yes
"b3325f413b2eaa18a72518b420390fb1",N/A,2016-12-12T21:32:48.629Z,0.000,1,Yes
"c7e9f39b5eeeb2850c2e18e5d9668e95",N/A,2016-12-12T21:32:49.593Z,0.000,1,Yes
"02e7617876c927597958f811a9463c31",N/A,2016-12-12T23:08:31.501Z,0.000,0,No
"61df117ac7fe55a7b1d6c3dc0e95fc8c",N/A,2016-12-12T23:08:31.504Z,0.000,0,No
"d4153cb9b37e39c65e6e14a7e53f21a9",N/A,2016-12-12T23:08:31.488Z,0.000,0,No
"e54dbbdc9b505c40edf49bf4d4640a0e",N/A,2016-12-12T23:08:31.509Z,0.000,0,No
"e9ae8a2cc9ecc9fc8359c6ce14699e32",N/A,2016-12-12T23:08:31.507Z,0.000,0,No
"328c2bb290ad920f21721fb171e60e6f",N/A,2016-12-14T22:11:31.806Z,0.000,0,No
"a1f67af851bcd77d229faf601b39990f",N/A,2016-12-16T18:26:48.549Z,0.000,0,No
"c329f04a91411aa689fe3e9b4712cd27",N/A,2016-12-20T23:12:26.622Z,0.000,1,Yes
"26a503ffee108b55b1a8c865bd0b2f47",N/A,2016-12-24T16:59:06.081Z,0.000,0,No
"6683cfb5cdbceacc25fee87b7b9d5967",N/A,2016-12-24T16:59:06.081Z,0.000,0,No
"819d74d971b3a3c985ec4dab60cbadae",N/A,2016-12-24T16:59:06.081Z,0.000,0,No
"b5f9f73f57566845a85168a4ccca6c1d",N/A,2016-12-28T14:14:27.448Z,0.000,0,No
"a186b60a40beb7af4d9cb3a27e322625",N/A,2017-01-01T16:33:42.990Z,0.000,0,No
"c0558c1185a4b4533661c31e2fb30db4",N/A,2017-01-04T21:26:04.454Z,1006.001,0,Yes
"346bf7292a02f75f4aa4a6fa2355b748",N/A,2017-01-04T22:57:38.003Z,1.000,0,No
"eca1a0c7e67846982a42657f5eb5177b",N/A,2017-01-09T01:43:10.775Z,0.000,0,No
"8814cc811c4acf9ec30b8d7bff32fc25",N/A,2017-01-11T01:07:34.604Z,0.000,1,Yes
"634aaf75b1683462776f0ad0e1c4a2de",N/A,2017-01-11T01:29:53.805Z,0.000,1,Yes
"68232bd5d8dd8bacf5605a1b0b184ba8",N/A,2017-01-11T23:12:49.423Z,110.002,0,Yes
"53befe377ab24b2933b0c0e2155aa992",N/A,2017-01-15T13:10:46.082Z,0.000,0,No
"a9983c4fb5cae209e8b71f740fea4e5f",N/A,2017-01-15T13:10:46.082Z,0.000,0,No
"96bbdf5b30568b175433ec661f64f924",N/A,2017-01-18T15:22:14.762Z,0.000,1,Yes
"1c38c142ed636dd4aafe386551088083",N/A,2017-01-20T03:17:35.674Z,0.000,0,No
"52899875c7ee5e57822eeabecf1aad48",N/A,2017-01-24T22:34:33.333Z,1184.001,0,Yes
"cc8017620336fda2d569ad9fd3839c3b",N/A,2017-01-26T15:29:53.694Z,0.000,1,Yes
"ab35c9f83fc5c295e29b1c134f12e5ee",N/A,2017-01-26T15:31:31.812Z,97.001,0,Yes
"b15a0b08b7bd197c274178d2202d21b6",N/A,2017-01-26T15:57:49.688Z,0.000,2,Yes
"ff221b0dec2b8514c9ef5cb3bfefcdd5",N/A,2017-02-01T22:38:46.378Z,892.001,0,Yes
"51e9030f8893df5d13d7c76bfb1b3fa4",N/A,2017-02-03T23:26:27.863Z,0.000,0,No
"d302b06c8ff3beee5c61b41adecb7589",N/A,2017-02-08T23:31:27.026Z,163.001,0,Yes
"f72f799100455a5437efad86e4bf65b1",N/A,2017-02-14T22:01:07.054Z,0.000,1,Yes
"3332c5354391cb84b193ac07fbe8e544",N/A,2017-02-14T22:24:47.289Z,1231.001,0,Yes
"544896f7235d06118374cb949efe14d3",N/A,2017-02-17T22:07:29.174Z,605.001,0,Yes
"1ba5c7bc4e195945157ecbc085bd789b",N/A,2017-02-17T22:18:41.123Z,999.000,0,Yes
"96efc914280a811e21d6b1fb4857753e",N/A,2017-02-21T21:55:47.840Z,238.001,0,Yes
"84ded366669839e5fcdffe43037ea502",N/A,2017-02-24T18:46:13.152Z,0.000,0,No
"39a4f2fc558ddc443361631b4355daf7",N/A,2017-02-24T22:00:47.810Z,1108.001,0,Yes
"e5fa5a3da86cfc6d926ebc23d908cc3e",N/A,2017-02-28T23:37:09.583Z,2042.001,0,Yes
"79605d59e2c1bb35ebac770acb96ca8d",N/A,2017-02-28T23:51:15.350Z,843.001,0,Yes
1175951670,N/A,2017-03-01T21:03:47Z,0.000,0,Yes
"4c1d9ba7ab50299a4e090cc6d13eac63",N/A,2017-03-03T22:07:35.540Z,0.000,0,No
"ec01ff9b66afeea19cb04968bd17441e",N/A,2017-03-03T22:09:44.558Z,832.005,0,Yes
"706a440ce780b051fc5caab4d67fe2b3",N/A,2017-03-07T23:41:12.079Z,0.000,1,Yes
"8c8d0cc8a3f8c07f4c31b0082181d987",N/A,2017-03-10T22:21:41.156Z,619.001,0,Yes
"c3b3811cb844a78f0abb6bd576e6d4c0",N/A,2017-03-10T22:41:04.374Z,0.000,1,Yes
"24eec669ff4c4b90879238040a3b189f",N/A,2017-03-15T12:32:08.572Z,0.000,0,No
"b35421c1d3b74b3c0754a3868de1ae68",N/A,2017-03-15T12:32:08.572Z,0.000,0,No
"0fe3dc4b692f669d790872d277647574",N/A,2017-03-21T12:39:01.233Z,0.000,0,No
"f85e3dbec773be4ea083f204f8943de8",N/A,2017-03-21T21:26:37.647Z,13.001,0,No
"846b670ac78c86f292a57c8f8327f100",N/A,2017-03-22T21:15:28.073Z,0.000,1,Yes
"124816996a96d3f953db459886c5f27c",N/A,2017-03-27T01:47:55.192Z,0.000,0,No
"cb178ab33648ba126d16505d26b9efc7",N/A,2017-03-27T01:47:26.187Z,0.000,1,Yes
"f8a7507c7ecc47b16e4464ba413d59f3",N/A,2017-03-27T02:03:56.444Z,989.001,0,Yes
"f9c5fee17c7e8b411cf2dd701defc56a",N/A,2017-03-27T01:25:32.484Z,0.000,1,Yes
"de91a212e95765858852b8a39b58f8dc",N/A,2017-04-03T23:15:56.063Z,0.000,0,No
"bb2644098ef3ebf5b1dd86469f89cb7c",N/A,2017-04-03T23:23:46.424Z,0.000,1,Yes
"2f263733c1c98cc45fac3eca94acc13c",N/A,2017-04-08T17:31:31.701Z,0.000,1,Yes
"953ce63d51cf5149e5a6d9631515f653",N/A,2017-04-08T16:20:53.100Z,0.000,2,Yes
"643f29e9a9b0bd38d3a931c73e1643bf",N/A,2017-04-09T02:15:17.751Z,11.001,1,Yes
"f274c9578a8cbca3054689e8427f3c50",N/A,2017-04-11T13:36:51.084Z,0.000,3,Yes
"fc7339e6f57b3f5a057e7cc105c11e64",N/A,2017-04-11T13:57:01.499Z,0.000,1,Yes
"06187b5c4fa3ee908eeead4b77cab9ab",N/A,2017-04-15T11:31:52.311Z,0.000,0,No
"6d294596916c526dffd5f5b4f939be30",N/A,2017-04-15T11:31:52.311Z,0.000,0,No
"3b62a8e6ee0491d7d00adff5d8e15bf0",N/A,2017-04-19T22:49:30.697Z,0.000,0,No
"ce333a9089a5b595fec13c5df986cf97",N/A,2017-04-22T12:28:35.588Z,0.000,0,No
"1465e496e2d8b132285d4e5b02f9b765",N/A,2017-04-24T18:20:01.344Z,548.001,0,Yes
"c9d4f73e3e1b333379c5e14eaab572b9",N/A,2017-04-27T11:05:20.307Z,0.000,0,No
"1014e1d94dc201672bb7ee110225a272",N/A,2017-04-30T00:37:09.012Z,0.000,0,No
"9a2a7442eb34a78d81c9db4e8a7b7ad8",N/A,2017-05-02T17:55:35Z,1786.472,0,Yes
"bd5195cd4a5e6fbb1214b5a8614040b8",N/A,2017-05-04T15:14:11.793Z,0.000,0,No
"f57585630c699026b50458422322ab86",N/A,2017-05-05T21:21:20.223Z,0.000,0,No
"f3f8dddf28371e40390bf619bfc2cc11",N/A,2017-05-07T12:36:42.237Z,0.000,0,No
"1e232395a4d18a9311bb6a9fc0fb45c4",N/A,2017-05-07T20:08:23Z,859.993,0,Yes
"7385c4b389a1b530d25e14f6bb8f0619",N/A,2017-05-16T22:37:55.502Z,1426.000,0,Yes
"e0e5c9b5f7a6ef6d34e69cf85a78b68b",N/A,2017-05-17T22:03:19.390Z,0.000,1,Yes
"3b0b131c171997b8f56a1724ac755e80",N/A,2017-05-19T21:58:29.258Z,0.000,1,Yes
"919d528f1fbda8874842587987af1d46",N/A,2017-05-26T21:22:12.677Z,0.000,1,Yes
"93de061a2b3adda3c026d1dd4480b667",N/A,2017-05-26T21:44:33.835Z,527.001,0,Yes
"c41020a25b5bd3a013ce51cac167cf8d",N/A,2017-05-26T22:25:59.311Z,0.000,1,Yes
"e6af2bbf3465f7a60cc9f198b0561ce5",N/A,2017-05-27T01:50:06.532Z,277.001,1,Yes
"5c1a0315962792dfe7f25c5a1d838afd",N/A,2017-05-27T02:09:08.157Z,0.000,1,Yes
"22bf22791ad3d05a9a18cd3436806748",N/A,2017-05-30T22:57:24.241Z,0.000,1,Yes
"5e4293b4a1f7265acc3bd6a18a85d50f",N/A,2017-06-01T12:18:57.763Z,0.000,0,No
"585d3cb13d6486781339ddc0dc5a92e4",N/A,2017-06-02T21:20:36.952Z,72.001,1,Yes
"44e19d98320744dbf3b38e899cb2376e",N/A,2017-06-10T12:16:18.978Z,1204.001,0,Yes
"7aadb58139a61f720ba963f1db61a413",N/A,2017-06-10T12:26:04.378Z,0.000,0,No
"7f68cb1a23834e0966604c9fb283928d",N/A,2017-06-10T12:31:55.272Z,564.001,0,Yes
"52132383856cf1a5c154b5b2fbc38c56",N/A,2017-06-20T22:28:42.356Z,732.001,0,Yes
"2b6ca9d77817907a318c0c1270710a93",N/A,2017-06-28T23:57:41.258Z,0.000,0,No
"9eadf743094fab966f5fe0334684bff8",N/A,2017-07-06T21:25:10.570Z,0.000,0,No
1251244843,"Can’t Stop Won’t Stop: A Bad Boy Story",2017-07-10T14:36:18Z,0.000,0,Yes
"58cd2fa775b7978a2fe32cc7edc24515",N/A,2017-07-11T23:02:41.995Z,936.001,0,Yes
"493a23329f38b05b3ef40133c7c87b57",N/A,2017-07-12T22:58:07.678Z,0.000,2,Yes
"b04ba0b5c1dc9036ce63b7cf3c11554b",N/A,2017-07-14T03:35:50.805Z,434.000,0,Yes
"04002c2af7bf7f252f257d38d3b8c887",N/A,2017-07-20T01:29:43.802Z,0.000,0,No
"de8bf26cd779442dcff0d3e9a822f51a",N/A,2017-07-23T14:14:31.984Z,0.000,1,Yes
"5d72dc38238d7998ccd6a65246b13d89",N/A,2017-07-28T18:54:40.632Z,0.000,0,No
"bfc94730ae3fe1911dcacb71889b6c35",N/A,2017-08-03T21:50:29.147Z,0.000,1,Yes
"0c3395aa2e2aacdd77633d126ff489fe",N/A,2017-08-03T23:22:01.736Z,0.000,1,Yes
"32264100ade62c82fd3227476b7c873e",N/A,2017-08-22T00:11:05.602Z,109.001,0,Yes
"e915054423f7ff8ae11d01c2b67789a9",N/A,2017-08-22T00:11:13.498Z,0.000,0,No
"da0e2160c81e4229458b85a0f6ebd8f4",N/A,2017-08-22T00:26:40.854Z,0.000,1,Yes
"b3b6b18666a1d23ac16cd23aceec90df",N/A,2017-08-22T00:27:02.112Z,17.004,0,Yes
"6c8a79cc2c590486480cc2f266d2e861",N/A,2017-08-30T21:01:49.233Z,0.000,0,No
"8a6069ed0be1891753126e94dc795d90",N/A,2017-08-30T21:01:49.233Z,0.000,0,No
"e939894e57bf910ba2904bf12c8f0877",N/A,2017-08-30T23:14:11.879Z,1039.040,0,Yes
"647e5ecc6ec3262d7a6fe3b31ef543a7",N/A,2017-08-30T23:14:37.217Z,0.000,0,No
"c6669fa2155ec58c252f85300bc13b3c",N/A,2017-09-11T16:54:03.638Z,0.000,0,No
"83146218903df6faea8e172a2412b5fe",N/A,2017-09-12T14:21:21.680Z,759.028,0,Yes
"950850ae4ca693bb48f3730901250529",N/A,2017-09-14T21:37:16.718Z,577.001,0,Yes
1240041949,"The 1989 World Tour (Live)",2017-09-15T15:55:13Z,2301.591,0,Yes
"8e4533ddc473b60a194e67ca753449f7",N/A,2017-09-15T21:31:47.466Z,0.000,1,Yes
1259108856,"Kygo: Stole the Show",2017-09-15T23:34:06Z,269.875,0,Yes
1273501497,"Carpool Karaoke - Season 1 - Maisie Williams & Sophie Turner",2017-09-15T23:44:39Z,621.291,0,Yes
1270591299,"Carpool Karaoke - Season 1 - Billy Eichner & Metallica",2017-09-15T23:52:05Z,704.365,0,Yes
"bf0254993c88ba01221d490b88717a1f",N/A,2017-09-20T21:28:53.612Z,950.001,0,Yes
"b52a8d45e41452ef578060e07b0f3aa3",N/A,2017-09-21T16:15:30.268Z,0.000,0,No
"7d40d146faf14cbd7ffe39a393f83038",N/A,2017-09-22T13:54:04.774Z,0.000,0,No
"430dd1e05551cfb4c2915816ad8e6302",N/A,2017-09-24T14:00:09.068Z,0.000,0,No
"17e1abc2575c44f710a115026b5746a5",N/A,2017-09-25T14:09:40.025Z,1222.006,0,Yes
"78f639413a2cd11996ad61701b48050d",N/A,2017-09-29T21:25:37.611Z,0.000,0,No
"2b781200c70fff32f6ab7f9947d42c5c",N/A,2017-10-04T20:58:13.266Z,1264.002,0,Yes
"7de6653a3e3b2a9656590d52600a26a3",N/A,2017-10-04T21:24:42.734Z,1477.001,0,Yes
"d5d9ef73e8252c313bebeddb489377c3",N/A,2017-10-05T12:39:36.056Z,0.000,1,Yes
"47ae4998c9f77e7009447125b0d08e93",N/A,2017-10-06T22:03:24.810Z,0.000,1,Yes
"0503ab4fa9d2c5295186b2bee88280aa",N/A,2017-10-07T23:43:53.124Z,0.000,0,No
"5146f6e09f1c76b791f8cbbe8e2ad43e",N/A,2017-10-12T15:56:49.294Z,0.000,0,No
"427016a6c85f1013a1de726ebae15051",N/A,2017-10-13T20:09:08.116Z,0.000,0,No
"00c990a66a7480db7ec6302ad3728df8",N/A,2017-10-13T22:42:11.196Z,0.000,0,No
"ebbc354875a7542ded1489d1e0bb69e8",N/A,2017-10-17T21:07:34.970Z,0.000,1,Yes
"755705dec25caa9feda965927895b267",N/A,2017-10-22T16:14:01.685Z,0.000,0,No
"a2657c777ec5c5fd0538e31c17d387cf",N/A,2017-10-22T16:14:01.685Z,0.000,0,No
"c7317d43dfeb47230aab8f0fb058df02",N/A,2017-10-25T21:03:52.614Z,0.000,1,Yes
"c44c9f3e328abdffe5f0061b7fac0b1c",N/A,2017-10-25T21:20:05.415Z,0.000,1,Yes
"f5199f1f9b307a1d130b4110f9619d31",N/A,2017-10-29T01:09:27.723Z,0.000,0,No
"f8d8a598204ef2cf927409360b8adaad",N/A,2017-10-29T01:09:27.723Z,0.000,0,No
"51caeacf820f9cf345c42c39ef2d5dce",N/A,2017-11-04T15:43:48.566Z,0.000,0,No
"10c890ac63b4c24b699db339d75c03d0",N/A,2017-11-05T02:45:33.109Z,0.000,0,No
"4c28b70d4b151ecb329287c35f3fe9d4",N/A,2017-11-08T00:44:47.827Z,0.000,1,Yes
"ca687fec3d08f12d90dcd0ced136e982",N/A,2017-11-08T01:05:07.600Z,0.000,1,Yes
"caf320a60f8e932ecaca48f4b33461f7",N/A,2017-11-09T15:38:00Z,0.000,0,No
"7979e019b11597d55b51477e9d2aaeeb",N/A,2017-11-09T15:39:29Z,0.000,0,No
"c57d2ba3ab10dcfb6201b99d776d0681",N/A,2017-11-09T15:41:25Z,0.000,0,No
"193782d8b39e2137c9a09426db244765",N/A,2017-11-10T12:49:46.732Z,0.000,0,No
"b6cefb70467fe3b4bb5a046ec276b3ec",N/A,2017-11-10T12:52:30.044Z,0.000,0,No
"0238957aaa623b55d69051f5ba28f971",N/A,2017-11-10T12:52:33.493Z,0.000,0,No
"08180a056a3e3570169e4882990ccf14",N/A,2017-11-10T12:52:35.154Z,0.000,0,No
"f6475c2969b2b304b00f4e1ae488916d",N/A,2017-11-10T12:52:34.275Z,0.000,0,No
"959356f5212045465c711d129da78927",N/A,2017-11-10T12:52:37.599Z,0.000,0,No
"cfbc6d7433cf5b7dfb0514dafb815357",N/A,2017-11-10T12:52:38.645Z,0.000,0,No
"837e81caef4f6e2a409fc8cde448b91d",N/A,2017-11-10T18:18:34.182Z,0.000,1,Yes
"ac02f254d2fbfc692808c7216a09769f",N/A,2017-11-10T18:50:05.410Z,0.000,2,Yes
"e20120c3444e3de6f16e7b27b5c3a54b",N/A,2017-11-10T20:10:46.020Z,0.000,1,Yes
"03d20e1820b8d5a4180d0af394ee8f94",N/A,2017-11-12T20:38:33.140Z,0.000,0,No
"eee1bc3305403acd9c0d72b7aad62a82",N/A,2017-11-12T20:38:33.140Z,0.000,0,No
"417fd8632647b0cdf63752cc0a8e67fa",N/A,2017-11-14T14:22:03.830Z,0.000,0,No
"2d0c2a498182f9ec574f16dd6d2eb63c",N/A,2017-11-21T23:08:03.047Z,0.000,0,No
"39a7d77ded8fd15241aec697d13189b5",N/A,2017-11-21T23:08:03.047Z,0.000,0,No
"4b9f31d02549a1875cd5296ba6ef4cb7",N/A,2017-11-21T23:08:03.047Z,0.000,0,No
"67880fc2f66cf7c164763984e9259e72",N/A,2017-11-21T23:08:03.047Z,0.000,0,No
"98ae4d5301ab00edf060350af73baf97",N/A,2017-11-21T23:08:03.046Z,0.000,0,No
"edc6d60d3a900035b65261e78648b352",N/A,2017-11-21T23:08:03.047Z,0.000,0,No
"08f9073c72f6645b21236ea3873a2cad",N/A,2017-11-22T02:46:02.653Z,0.000,1,Yes
"0f3d99ec019e129ca3779fa88ae4bcfa",N/A,2017-11-22T01:42:32.110Z,0.000,1,Yes
"2aa8c588168d9f3a090254395d9168d2",N/A,2017-11-22T02:05:17.778Z,1211.001,0,Yes
"b1c2ed6e665474fa800017de95a01478",N/A,2017-11-22T02:27:23.978Z,46.001,0,Yes
"d6835d3e1126da2e7018b216cc2bdfc1",N/A,2017-11-22T02:26:24.639Z,0.000,1,Yes
"a35cf9a70ceb05d30aeb2f94f94e0cf7",N/A,2017-11-26T23:43:06.097Z,0.000,0,No
"47afbdc58cb647ebb29cdb8337e9d565",N/A,2017-11-28T22:11:05.063Z,0.000,0,No
"cc8bd77e6e9114dd0ddddaf97a201781",N/A,2017-11-28T22:11:05.062Z,0.000,0,No
"9eb628105340082f5ed5996b1b4a19f0",N/A,2017-11-28T22:11:06.138Z,0.000,1,Yes
"f8de0b9485cf57e39832edb5bc9afba5",N/A,2017-11-29T22:18:54.276Z,0.000,0,No
1316062741,N/A,2017-11-30T21:37:19Z,56.149,0,Yes
"f5e992e1a1cc3944aa380ed7f1df20f7",N/A,2017-12-01T17:56:55.182Z,0.000,0,No
"e2db4d95ac567ae3f7f03a1c6a70f11b",N/A,2017-12-02T21:13:36.557Z,0.000,0,No
"cb502d9f5a3c778125e89814614c10c8",N/A,2017-12-03T21:29:18.090Z,0.000,0,No
"21964d50faa76e971f889fcfbb44fc82",N/A,2017-12-04T21:58:22.758Z,0.000,0,No
"326a0ab725052c62fb91cb1939ba09af",N/A,2017-12-07T16:20:01.837Z,0.000,0,No
"82ca0ecbe0995648e0c9821c2aa6157a",N/A,2017-12-07T23:11:47.280Z,0.000,1,Yes
"da51bbab4c7fc5222f615ff3690127b5",N/A,2017-12-08T16:21:31.535Z,0.000,0,No
"862faecd1b058d2c92c08ab1d4f2898c",N/A,2017-12-10T20:10:51.046Z,0.000,0,No
"8a7952682e74b61e1592a76715ecd1ca",N/A,2017-12-10T20:10:51.046Z,0.000,0,No
"b9d34dfef1ac9f29a3013ce085687943",N/A,2017-12-11T23:17:45.052Z,0.000,0,No
"b28b3a1e5d4eb5c8eb0bf4ba9813aeb3",N/A,2017-12-12T22:24:04.460Z,0.000,1,Yes
"6c0da32299a44105e676ec8762f2269a",N/A,2017-12-13T22:07:15.602Z,1306.001,0,Yes
"226c3e732708911c8f2c7868457824f3",N/A,2017-12-14T16:06:32.482Z,0.000,0,No
"5d52aa20e7e5e15da81232d942bf9221",N/A,2017-12-18T18:08:13.523Z,0.000,0,No
"4335288408f81376f16fa64dfd6dd076",N/A,2017-12-18T18:10:57.883Z,0.000,0,No
"7ada201a188f8e62c5c5ff040db3982a",N/A,2017-12-18T22:12:11.011Z,0.000,0,No
"f954574869f01b2fe395da3bfaa03f32",N/A,2017-12-18T22:12:11.011Z,0.000,0,No
"2ddb81528eb6284e759df729e89a12cc",N/A,2017-12-18T22:14:56.944Z,1254.002,0,Yes
"bd2b77e2e91f8d3d92f3d3d2d11ecdd0",N/A,2017-12-19T18:09:47.625Z,0.000,0,No
"f6fbd5b1a2363bf66eef46f28fb55c59",N/A,2017-12-19T22:14:54.941Z,0.000,0,No
"fb76e45f408c5e455882163c4ad067ed",N/A,2017-12-19T22:33:51.375Z,0.000,1,Yes
"2f073526292ad282ef59b339fcc243b1",N/A,2017-12-21T17:29:17.996Z,0.000,0,No
"a5ef446fb351bf8ddc6b594b8d07f200",N/A,2017-12-21T17:29:17.996Z,0.000,0,No
"139c56436aaef93f018fb57ac5a95d0e",N/A,2017-12-22T15:27:42.497Z,0.000,1,Yes
"8c519e4515d5fd736690374f850c1de8",N/A,2017-12-22T16:07:15.790Z,0.000,1,Yes
"655ce78c64ba0c4d3aebc571be157caf",N/A,2017-12-22T19:13:28.584Z,0.000,0,No
"9df20e70a8072d0bbee17fe9b9adb7b0",N/A,2017-12-22T19:13:28.584Z,0.000,0,No
"44398cc7fe732020a1183374d869f2f5",N/A,2018-01-01T15:46:39.165Z,0.000,0,No
"b2a0ce23f2a8c155fde7a26c27f2d67a",N/A,2018-01-01T15:46:39.165Z,0.000,0,No
"bea7861af718e084464e220d4b80cf09",N/A,2018-01-01T15:46:39.165Z,0.000,0,No
"e1aed6717284e222bbd2183378070e6f",N/A,2018-01-01T15:46:39.167Z,0.000,0,No
"a5f30390b9eb2caa6dbff1890b379b5a",N/A,2018-01-01T18:32:48.860Z,0.000,1,Yes
"2995534612740588760d082f45686c30",N/A,2018-01-03T16:31:24.129Z,0.000,0,No
"728b0925e724f326b1ec6f2b11417de6",N/A,2018-01-03T22:47:53.529Z,0.000,1,Yes
"48113ca19018cef349ca31e7b6c7f4f3",N/A,2018-01-03T22:48:15.182Z,0.000,0,No
"cff9251270f53a2d7d9a715a581b9016",N/A,2018-01-03T23:58:46.360Z,0.000,1,Yes
"7c41fda9fed935e96f48aa2f901fc38d",N/A,2018-01-04T16:32:38.160Z,0.000,0,No
"eb328e06bb21cd13e4489263d48d5a87",N/A,2018-01-06T00:59:36.388Z,0.000,0,No
"5d564af9e2bdd90ae87d84a7e4a892ee",N/A,2018-01-06T18:34:55.409Z,0.000,0,No
"586a4b8aa9591e54a6f9867858cf85cc",N/A,2018-01-08T15:07:29.327Z,0.000,0,No
"9ab3978fe32f877f1cd372be11b52583",N/A,2018-01-09T15:49:04.939Z,0.000,0,No
"0e5339497fdd0ce844026022a13b5137",N/A,2018-01-10T18:03:25.356Z,0.000,0,No
"9dba2202e718d8959d8ccda3a5c7e2eb",N/A,2018-01-11T22:04:54.748Z,0.000,0,No
"bf15cdb6552c5c2659657b7fb63768b1",N/A,2018-01-12T22:21:51.913Z,0.000,0,No
"38278fcd4ce48d9c80f66bd25e42c9e2",N/A,2018-01-14T02:02:12.496Z,0.000,0,No
"68f1b3367cc778d212f61aaec1beb87f",N/A,2018-01-15T15:35:31.595Z,0.000,0,No
"ba7557c19eef9b6a59dac45081016f39",N/A,2018-01-15T15:35:31.595Z,0.000,0,No
"02437e05c7d7a89533341603771e49f4",N/A,2018-01-17T15:02:44Z,0.000,2,Yes
"96624c0cf6bf81cd4482d36b03a3f455",N/A,2018-01-17T15:02:53Z,41.306,0,Yes
"a26ef79ee134913e718614fbeb30a2b4",N/A,2018-01-18T16:33:27.251Z,0.000,0,No
"713e519185868e5cbee19096b36870cf",N/A,2018-01-19T17:21:24.932Z,0.000,0,No
"7afa2e768831f9c3919d9ab0b1826261",N/A,2018-01-19T22:14:47.141Z,76.008,0,Yes
"0a20fbcfb5d692de0464c42e9d7feb95",N/A,2018-01-20T16:54:09.977Z,1123.001,0,Yes
"56279be38106eca9ee192f7f28981438",N/A,2018-01-21T19:56:19.962Z,0.000,0,No
"d4ed83a779ec4fd768a17388c95cfb28",N/A,2018-01-21T19:56:19.962Z,0.000,0,No
"48de795704137c579c8b7f5381a42243",N/A,2018-01-22T22:28:56.812Z,0.000,0,No
1000383222452,"Chapter III",2017-04-27T02:56:54Z,3164.203,0,Yes
"9915d7dc474bf24eddb4462f13c8c320",N/A,2018-01-26T00:36:56Z,1123.001,0,Yes
"b2693d19bbfbeb85d5514342759838ae",N/A,2018-01-26T00:36:56Z,1123.001,0,Yes
"9d8cfec288d5ae55d68586280cf08229",N/A,2018-01-25T23:36:42.664Z,0.000,0,No
"e4fef9552efca9731cad7f64f77188db",N/A,2018-01-26T15:37:09.766Z,0.000,0,No
"4e91468d685ca5a80f20d772102a971e",N/A,2018-01-26T18:08:10.391Z,0.000,0,No
"68382d8d5aac6aec6a8ed29b81e40735",N/A,2018-01-30T15:27:32.049Z,0.000,1,Yes
"ef65b15136de4b78b495b94504ef9336",N/A,2018-01-30T17:35:53.946Z,0.000,0,No
"cb2ffadce6bcccf52b1cd1c520cbbf36",N/A,2018-02-01T01:30:01.888Z,0.000,0,No
"47ed5336767662af50dcb88d01e13353",N/A,2018-02-01T21:56:56.997Z,0.000,0,No
"7a1302cc8ccd0ef842470c2a4281ed97",N/A,2018-02-02T00:25:38.175Z,1018.001,0,Yes
"67e4756aa5896fe30e6a2a1770aa226c",N/A,2018-02-03T00:42:55.469Z,3156.001,0,Yes
"fbb61b7e8cc78f70198898d42fa2befc",N/A,2018-02-03T00:43:03.040Z,0.000,0,No
"3392df3cd092d0299b575258f7b7c86b",N/A,2018-02-03T01:01:47.216Z,0.000,1,Yes
"351d71939b549f952d1557f46c78b2a5",N/A,2018-02-05T13:00:31.827Z,0.000,0,No
"cdab287f707f6371770e5b66e4f30340",N/A,2018-02-05T13:00:31.827Z,0.000,0,No
"5fc8b318a6ac164e16fdc8371cdcdae8",N/A,2018-02-06T00:15:39.741Z,271.001,0,Yes
"197952b1cf08e72c063b09899060c00c",N/A,2018-02-06T13:37:10.351Z,0.000,0,No
"6dbe4d38fe88f40fc7660462604a5549",N/A,2018-02-08T01:15:15.823Z,0.000,0,No
"09852e41f433fd94634533e67582698e",N/A,2018-02-09T02:44:58.126Z,0.000,0,No
"d2948f1f47da3ea97d5a2ddea4e1a736",N/A,2018-02-10T13:50:17.753Z,0.000,0,No
"fb07f78844de93649ae04861986eec0f",N/A,2018-02-11T00:31:12.052Z,0.000,0,No
"66d86d85f7c9f182bd9b32d9d12155cc",N/A,2018-02-13T22:08:03.670Z,0.000,0,No
"f1d85c4c994f2ac1674b470e7b201129",N/A,2018-02-14T22:52:44.846Z,0.000,0,No
"7763875f750fc8876ac2bc441a43bc1d",N/A,2018-02-15T17:13:39.692Z,0.000,0,No
"6e3d9c376b162bd222155002ea1a6f9d",N/A,2018-02-16T16:55:35.241Z,0.000,0,No
"341ee0adee090be8a8434e98e1aef0b9",N/A,2018-02-17T14:19:03.234Z,0.000,0,No
"78b908b437f379bf6e4d28d0286eef6c",N/A,2018-02-19T20:24:14.310Z,0.000,0,No
"7e9003b45608da8be67e64294448a39a",N/A,2018-02-22T00:16:41.374Z,0.000,1,Yes
"64af771bf97f62f89af0e1077fd5589b",N/A,2018-02-24T12:21:33.192Z,0.000,0,No
"b8234e303731b8d8e492b1fa4c074f0d",N/A,2018-02-24T12:21:33.192Z,0.000,0,No
"64f83c692c2b93336911e13179934c63",N/A,2018-02-26T23:05:31.175Z,0.000,0,No
"8d122b568ec114b5113aa6f6fcccbebb",N/A,2018-02-27T12:53:02.754Z,651.001,0,Yes
"5aa8a8ee6e99347b777a76dd0c93e7f7",N/A,2018-02-27T13:13:51.840Z,0.000,1,Yes
"6d6eaab533355d305165cd19d68dd034",N/A,2018-02-28T13:36:48.153Z,397.001,0,Yes
"df958e7b120584bc7db92d9ad1d8b3d5",N/A,2018-03-01T01:29:29.837Z,0.000,0,No
"03a885232741d2c7fb7fa15a5bec0553",N/A,2018-03-01T13:38:10.300Z,0.000,0,No
"b918e832a4c98dedfddf649093045204",N/A,2018-03-02T13:23:20.620Z,0.000,0,No
"58400ae852cbd424eeabe0bd191b764e",N/A,2018-03-03T16:36:03.611Z,0.000,0,No
"53c1a32e5e512238043243725208ebd8",N/A,2018-03-03T16:57:02.552Z,0.000,0,No
"ad0647bdabbac4b20178599188165f27",N/A,2018-03-09T00:32:03.565Z,0.000,0,No
"1403951c9b74328c7a119415da837fbb",N/A,2018-03-09T22:48:07.883Z,0.000,0,No
"242c48bb2cf8069cd332665514e9c791",N/A,2018-03-09T22:48:07.884Z,0.000,0,No
"600251f0526b9456743d30e111f3e0ab",N/A,2018-03-09T22:48:07.883Z,0.000,0,No
"010e58c0e0c4a8daae54b5306d9d8b3a",N/A,2018-03-14T21:53:01.028Z,0.000,0,No
"609b44e402be6b73a273420000eaf7ff",N/A,2018-03-14T21:53:16.730Z,1183.991,0,Yes
"10d61850111541485f426742895e3a2b",N/A,2018-03-18T19:09:48.069Z,0.000,0,No
"3e3cec3502d7900e102eb191f1528034",N/A,2018-03-18T19:09:48.069Z,0.000,0,No
"286b7f0cf9d27cd0ab86895a616db5ae",N/A,2018-03-18T22:23:39.655Z,0.000,0,No
"55b200271265d3f8a3f036bd0a2a5107",N/A,2018-03-20T12:37:47.268Z,0.000,0,No
"41f9df555a16e3eec7dee949e3061da0",N/A,2018-03-22T14:26:24.206Z,0.000,0,No
"c2ffa9e310b710090b811696ae6fa988",N/A,2018-03-22T14:26:24.206Z,0.000,0,No
"541f10e386ec08a97415b1f592b99542",N/A,2018-03-23T15:09:59.595Z,0.000,1,Yes
"9a6720c431453146d3333bff5758ca4b",N/A,2018-03-23T21:44:02.639Z,0.000,0,No
"1c5b35be9d61ff170f79399ec235a26c",N/A,2018-03-25T18:35:19.734Z,0.000,0,No
"9723582ec90b5ba703352229630a2f7c",N/A,2018-03-26T11:15:52.769Z,0.000,0,No
"2ffa3c2de04e29c31cedfe229a5e3715",N/A,2018-03-28T15:42:45.409Z,0.000,0,No
"c78fcbe08a7b200ab1bae2a44168f1e4",N/A,2018-03-30T00:02:34.944Z,0.000,1,Yes
"55783734aa93b2e81843f448efc2f49c",N/A,2018-03-30T00:22:33.851Z,1198.001,0,Yes
"202d987f834db4a4ca0cd58b9ef66a90",N/A,2018-03-30T21:38:01.106Z,0.000,0,No
"9fda456dd27183fda47eea244cb16072",N/A,2018-03-30T21:38:01.105Z,0.000,0,No
"2c17ba8990582c425739ef0fe4bd1f06",N/A,2018-04-03T21:39:45.561Z,0.000,0,No
"1dc68925d48038d6d237b86fdd3aa55b",N/A,2018-04-04T22:53:08.620Z,0.000,0,No
"1f8746f10c08bca94f9b183cc0306908",N/A,2018-04-05T03:08:09.892Z,0.000,1,Yes
"a40a32cfc741197a724b8a3044c7d309",N/A,2018-04-05T03:08:45.617Z,35.004,0,Yes
"0afb3d8511bb0c718f6ea33bff2b1481",N/A,2018-04-06T22:45:23.581Z,0.000,0,No
"0e0753198f703253acd2550bc5bb0537",N/A,2018-04-06T22:45:23.581Z,0.000,0,No
"030e0d09ac6b2b2c5ac72d18977a707f",N/A,2018-04-07T19:04:00.381Z,0.000,0,No
"05306d0def5d82a09f9b0697d4deb78f",N/A,2018-04-17T12:44:10.997Z,0.000,0,No
"6e84466dca8bbca8f44a0f39eb0dc6f0",N/A,2018-04-17T12:44:10.997Z,0.000,0,No
"a83f0bb466544e821d17c5e75e1f16f2",N/A,2018-04-17T12:44:10.997Z,0.000,0,No
"e11932651f85559ab55fef826ab6c456",N/A,2018-04-17T12:44:10.997Z,0.000,0,No
"ea60ee36f0764bf07449c7937e1879f3",N/A,2018-04-17T12:44:10.997Z,0.000,0,No
"6fa15c44372c3aad477ca1f2c15da557",N/A,2018-04-18T14:46:13.259Z,0.000,0,No
"59da13beb0385e2150cb36a6926ae4ba",N/A,2018-04-19T15:02:21.714Z,0.000,0,No
"c808ecd7e6149653186bc8e42ab73b53",N/A,2018-04-20T13:06:32.529Z,0.000,0,No
"1cb061c8e1d77f0ab6fe85f61b19e634",N/A,2018-04-21T18:39:14.575Z,0.000,0,No
"6509ca1419d73e79ebe0c1f4ca7233de",N/A,2018-04-28T04:25:52.417Z,0.000,0,No
"28a5a34240523b50866c0b73dcbc127f",N/A,2018-04-29T14:16:46.978Z,0.000,0,No
"35972d7ea822e5fad6b0e06bcc29894d",N/A,2018-04-30T21:33:14.869Z,0.000,0,No
"3f6e4bbca940f21f65d99f0ed86ba158",N/A,2018-05-02T22:49:44.225Z,0.000,0,No
"7e618229d3bd043edd269dd33e1ebc9d",N/A,2018-05-04T12:32:46.389Z,0.000,0,No
"82431687325d081fde7f419e6dde55f5",N/A,2018-05-10T22:36:05.132Z,0.000,0,No
"92f6e54c207304a530102a5167df06d7",N/A,2018-05-14T12:26:19.842Z,0.000,2,Yes
"faf0dadcdd3eee3ca1ff170bccd46e2a",N/A,2018-05-14T12:26:02.040Z,6.000,0,No
"1068450eff0cda2f2655bd6c3489bb2a",N/A,2018-05-14T12:26:30.242Z,0.000,0,No
"3d9dfeaafda9d556ce15ec2383619ae3",N/A,2018-05-14T12:26:30.242Z,0.000,0,No
"6a29b70eb2ccf19bf2431135c5b2660d",N/A,2018-05-14T12:26:30.242Z,0.000,0,No
"5f4350e60c213a8112062dbe9d99e856",N/A,2018-05-15T12:34:39.358Z,0.000,0,No
"0412a1826f455d016892d02779c625f2",N/A,2018-05-17T12:38:54.133Z,0.000,0,No
"4e176cc02e9f29f0df59dcc4156e52dc",N/A,2018-05-17T12:38:54.133Z,0.000,0,No
"9d8012b837a9c5ba11f862e9a13d4e85",N/A,2018-05-17T12:38:54.133Z,0.000,0,No
"9bfbe30f19d877f76699aeb625c40550",N/A,2018-05-18T15:23:01.062Z,0.000,0,No
"e99351f35a068f94818875ac9a84cd20",N/A,2018-05-19T21:38:53.551Z,0.000,0,No
"48c7d62add6262d76be290d13580bead",N/A,2018-05-22T12:43:10.138Z,0.000,0,No
"5da1806d5f960e92ee9dfc941521b17a",N/A,2018-05-24T21:09:08.470Z,0.000,0,No
"c232de7e3b9ef5c918183082959e1be5",N/A,2018-05-24T21:09:08.470Z,0.000,0,No
"2812b3a274151bf09b81274e8e6cfdde",N/A,2018-05-30T00:29:56.049Z,0.000,0,No
"c14ab18920525b3d87ca7f1a85bc71dd",N/A,2018-05-30T00:29:56.049Z,0.000,0,No
"ec99f8ab5504ba59111447eeb2c2e411",N/A,2018-05-30T00:29:56.049Z,0.000,0,No
"bf6ace2ca6c3a5a19817189c5a2e6027",N/A,2018-05-30T21:14:10.316Z,0.000,0,No
"8e665360919e4c23b4cbe7a84f90c063",N/A,2018-05-31T12:51:45.438Z,0.000,2,Yes
"5f786d61d973517d9a1e348c9b7fb883",N/A,2018-05-31T22:00:04.978Z,0.000,0,No
"f6cb5fee7decd58f2a77b1b7562fd788",N/A,2018-06-01T12:52:36.523Z,0.000,1,Yes
"ca1d394c13389c47c94615637ab5bf1e",N/A,2018-06-01T20:56:50.272Z,0.000,0,No
"1d072a128760fa1d8f38327b77eab506",N/A,2018-06-02T18:01:12.771Z,0.000,0,No
"1ba0409d93ba70b292e2711cc49ebc88",N/A,2018-06-04T17:27:31.235Z,0.000,0,No
"b0c846d06d9b4798be50482d7a44bada",N/A,2018-06-06T12:41:34.912Z,75.001,0,Yes
"d7779d7a8fefa0a4296bff68d39a34a9",N/A,2018-06-06T21:05:16.712Z,0.000,0,No
"0e59ef13ca55d1bed61a0ea20d80bb47",N/A,2018-06-10T12:48:37.963Z,0.000,0,No
"bfef6bee41c9b397cbf774e06e7c92df",N/A,2018-06-10T12:48:37.963Z,0.000,0,No
"24fc6b28c3c051cb8695166cd8964c24",N/A,2018-06-11T21:34:48.619Z,0.000,1,Yes
"9ed378aa180734a7fd26949d2f6835d0",N/A,2018-06-12T16:28:07.483Z,0.000,0,No
"97382e6550cd492855c380222c695691",N/A,2018-06-15T11:43:01.078Z,0.000,0,No
"ce5b220809db6f7c030c97c36b431776",N/A,2018-06-15T11:43:01.078Z,0.000,0,No
"59aabed859d58aa2b0253cf913944d52",N/A,2018-06-15T11:44:15.468Z,0.000,0,No
"68a21e8e391f67476ce998df9c9896e6",N/A,2018-06-16T14:18:42.860Z,0.000,0,No
"7e177a0f651ac2883df74a991ceb29df",N/A,2018-06-16T14:18:42.860Z,0.000,0,No
"8cac0349e315bc0f62ed65a4e017415a",N/A,2018-06-18T23:40:56.724Z,0.000,0,No
1365203596,"Kendrick Lamar Interview — Clip",2018-06-20T14:47:51Z,33.000,0,Yes
"ae315c78bbb3810ef4a1346f9395322e",N/A,2018-06-20T15:59:12Z,0.000,0,No
"498fd77c6e5bc14edd57876b3f7223c2",N/A,2018-06-21T23:28:26.759Z,0.000,0,No
"8514ccdc20a8dbefb358369809e37405",N/A,2018-06-21T23:28:26.759Z,0.000,0,No
"04c570ac5844518637ca08505b9861a1",N/A,2018-06-22T21:21:05.182Z,33.001,0,Yes
"8567a92dd83b266bac05b5ed3eff9aae",N/A,2018-06-25T12:03:30.076Z,0.000,0,No
"a1e975a2310702df8032031ef1ba6854",N/A,2018-06-25T12:03:30.076Z,0.000,0,No
"50011dffb0d1c3a1697ea64cb2174e34",N/A,2018-06-25T12:19:13.936Z,0.000,0,No
"926974f5747776f585650254cd2e2de5",N/A,2018-06-26T12:34:52.289Z,0.000,0,No
"142a3d10641cfafc6e46d4ebfcdf5857",N/A,2018-06-28T12:28:01.334Z,0.000,0,No
"6589c3888110375a82017a5bdcac5797",N/A,2018-06-29T21:17:20.130Z,0.000,0,No
"e4148d567a2737510d2bf65051146e4f",N/A,2018-06-30T14:18:44.869Z,0.000,0,No
"d82c88ca45d8da8a46fc0144f755b926",N/A,2018-06-30T14:28:31.324Z,0.000,0,No
"0b2a44bee678f9f908f19cf83bf0519e",N/A,2018-07-12T22:35:50.468Z,0.000,0,No
"943d1baf12a377971aadd206944b7d00",N/A,2018-07-16T12:05:06.176Z,0.000,0,No
"380e7db0b2eea71a13186ce0d38117e6",N/A,2018-07-19T12:29:03.213Z,0.000,0,No
"d14f596a7f1e777bb88579d1977690fe",N/A,2018-07-19T12:29:03.213Z,0.000,0,No
"18ae80a0d03fbf21af9d681564037961",N/A,2018-07-27T18:31:28.307Z,0.000,0,No
"cb1c07bfe06de13665d0ee211221919c",N/A,2018-07-27T18:55:35.355Z,1396.000,0,Yes
"5a1aa0de4f84969ebe543117c07ac6d6",N/A,2018-07-31T11:57:37.107Z,0.000,0,No
"eb82ef97da0542d463187403e8d5b7e5",N/A,2018-08-02T21:40:06.864Z,0.000,1,Yes
"7a4d3706e54d8ef2b2cca99c6f5616ad",N/A,2018-08-03T12:38:51.402Z,0.000,0,No
"f5393a47e9c171d8db91a5a94d5faa28",N/A,2018-08-04T15:47:55.314Z,0.000,0,No
"61fcb432638eed9f7ab9a18967f96a17",N/A,2018-08-07T12:02:12.216Z,0.000,0,No
"c2683603333eda98c4dd69a33a33f1c0",N/A,2018-08-08T12:39:18.280Z,0.000,0,No
"175bfd68225fbc0558b291c973feaa4c",N/A,2018-08-13T12:31:40.697Z,0.000,0,No
"94359427a2be89a2cd00c51f4e35f96b",N/A,2018-08-17T21:45:36.037Z,0.000,0,No
"3d43fd70d422f0de420fce6f787b75ee",N/A,2018-08-19T19:49:39.220Z,0.000,1,Yes
"ddaa4eae8d036407ac5e35104e2c849b",N/A,2018-08-19T20:42:58.134Z,0.000,1,Yes
"e4bcd75c3585a34e99769afe05db108c",N/A,2018-08-19T20:44:56.117Z,0.000,2,Yes
"e3a31c91f2d771a48e30e2c0190f54a5",N/A,2018-08-21T18:41:28.532Z,0.000,0,No
"72c704685835c3a31adda1860b919ca6",N/A,2018-08-22T21:31:53.943Z,0.000,0,No
"797ec24ee0658b0849758c770ba7dcdc",N/A,2018-08-23T21:40:10.874Z,0.000,0,No
"545fd5c09ab3b421566879119b5c5f57",N/A,2018-08-25T17:17:11.655Z,0.000,0,No
"6990fcf7d57305d56e5972d93296e28c",N/A,2018-08-25T17:17:11.655Z,0.000,0,No
"bc6ca6a560e7e5757506296d2ce7d38c",N/A,2018-08-26T23:25:06.735Z,489.001,0,Yes
"637045daf51ecf48e7881b9d765c8c96",N/A,2018-08-26T23:25:13.488Z,1.001,0,No
"a5ae5bdf0fb8a32a1ade784893d59995",N/A,2018-08-29T21:09:31.058Z,0.000,0,No
"172653445b124af47f3180d96007b6c7",N/A,2018-09-01T17:18:18.777Z,0.000,0,No
"1c0b3396e4aa39c7a10876b564c35283",N/A,2018-09-01T17:18:18.777Z,0.000,0,No
"f870c22676d15bf49edb557bcf10fab6",N/A,2018-09-01T17:18:18.778Z,0.000,0,No
"7a669ddcbb9b62ff10a7ce19bab134d0",N/A,2018-09-05T20:54:21.407Z,0.000,0,No
1434774032,"Up Next: Greta Van Fleet - Season 1 - Up Next: Greta Van Fleet Trailer",2018-09-06T17:41:43Z,0.000,0,Yes
1434775959,"Up Next: Greta Van Fleet - Season 1 - Up Next: How We Became",2018-09-06T17:42:22Z,0.000,0,Yes
"7fd09c491996895093032975bc8f7086",N/A,2018-09-06T23:54:59.118Z,0.000,0,No
"4dc4146bf817e93e57e06be5afd2d703",N/A,2018-09-07T23:56:57.601Z,0.000,0,No
"ee91f61256003af8f708d4e5a0abe8dd",N/A,2018-09-08T17:19:15.921Z,0.000,0,No
"0706e6e1b9177f9acedfd01eeed8d899",N/A,2018-09-12T23:52:53.891Z,0.000,1,Yes
"02b3e9d49764a55fd5a51804c3aa0db0",N/A,2018-09-13T00:03:52.288Z,0.000,0,No
"8fa60757fd46a49cb77f0a0f1cf3fc56",N/A,2018-09-13T00:15:38.659Z,1230.024,0,Yes
"4e662adcc1508b0619873ec18275aa4f",N/A,2018-09-29T16:09:50Z,1230.023,0,Yes
"2f022f92ca18f98fde7b4885f73082f3",N/A,2018-10-03T02:09:44.150Z,0.000,0,No
"c7e7ee37bad8ea1f7d125d29f0090672",N/A,2018-10-03T02:09:44.149Z,0.000,0,No
"ef7dfe69003d5cef1d5b91caa2d23012",N/A,2018-10-03T02:09:44.150Z,0.000,0,No
"037ee5d2e40dedb8a5b347880cb5816d",N/A,2018-10-04T02:33:38.759Z,0.000,0,No
"10f90727236066a00b3aa63effba5215",N/A,2018-10-04T02:34:51.788Z,0.000,0,No
"03d811be42099de9fda401eb41b869f5",N/A,2018-10-04T22:40:18.942Z,0.000,0,No
"2e887c5b177a84f20255bd10bbc13919",N/A,2018-10-04T22:40:18.942Z,0.000,0,No
"3730210b66a3271e2c1cb43f7ee4da32",N/A,2018-10-04T22:40:18.942Z,0.000,0,No
"3dff7470e3f356ca7e2c78816646aaca",N/A,2018-10-04T22:40:18.941Z,0.000,0,No
"4367c2de34cc098ec07f15aec09efef6",N/A,2018-10-04T22:40:18.942Z,0.000,0,No
"4b56dfd61c607999e704bcff484a94fd",N/A,2018-10-04T22:40:18.942Z,0.000,0,No
"6369092ecd1929b8bb6d3b34a22555f3",N/A,2018-10-04T22:40:18.942Z,0.000,0,No
"74be91a680852c2dd4c030a8900367c1",N/A,2018-10-04T22:40:18.942Z,0.000,0,No
"762368f127a8b6b38d11439a61d40209",N/A,2018-10-04T22:40:18.942Z,0.000,0,No
"893f548ce574d2824071051d1e662162",N/A,2018-10-04T22:40:18.942Z,0.000,0,No
"964ffa308b510976fc4a31a3a5e20c7a",N/A,2018-10-04T22:40:18.942Z,0.000,0,No
"a5d7571a1380c3dd8b7fa52c982d66a0",N/A,2018-10-04T22:40:18.942Z,0.000,0,No
"ab8ee25c945c9822c788568e90859682",N/A,2018-10-04T22:40:18.942Z,0.000,0,No
"acfcb1c15e22df9d5651591568c8be48",N/A,2018-10-04T22:40:18.941Z,0.000,0,No
"d75e220fcdebcb1aee65342249403af9",N/A,2018-10-04T22:40:18.942Z,0.000,0,No
"824b210dd724913a51c309e003b7ceda",N/A,2018-10-04T22:45:13.957Z,0.000,0,No
"045bf6c219d1b3dee2a58b8a85e8f08f",N/A,2018-10-06T05:20:33.219Z,0.000,0,No
"409991fcdc082345d65fd8c1bbeecaae",N/A,2018-10-06T05:20:33.220Z,0.000,0,No
"80215c40b228e7cacdcdeb32822bcd81",N/A,2018-10-06T05:20:33.219Z,0.000,0,No
"2c5a9135c3d530b3db0b1db7e5aa46b0",N/A,2018-10-12T01:35:39.818Z,0.000,0,No
"bec8eee5b084441460ec96927e303cbe",N/A,2018-10-12T01:35:39.818Z,0.000,0,No
"4c4373282a54e2d2b87735ee9a69a13e",N/A,2018-10-15T02:18:55.968Z,0.000,0,No
"8e5e69ec2362ea97454deca74df37cb6",N/A,2018-10-15T02:18:55.961Z,0.000,0,No
"e826d23d98db6f9ac9f0598aa8592c02",N/A,2018-10-15T02:18:55.968Z,0.000,0,No
"bf081a514ac642554f3fd658cbc59435",N/A,2018-10-16T02:25:25.805Z,0.000,0,No
"fe72855fd8387fc58a93ffe7fbca7dd8",N/A,2018-10-19T12:08:10.141Z,0.000,0,No
"17bff5052c8f5fffe7dc5265470bc3ae",N/A,2018-10-19T22:26:47.899Z,0.000,0,No
"30092ca7f9ee137f13eac049e56395ea",N/A,2018-10-19T22:26:47.898Z,0.000,0,No
"67e9eb781bad2503db0ee2e489f0c770",N/A,2018-10-19T22:26:47.898Z,0.000,0,No
"dea4506c95060a89899275c34ecce79a",N/A,2018-10-19T22:26:47.899Z,0.000,0,No
"ca76fe8d0c8b32fc669b42b2c1dcc0f6",N/A,2018-10-21T05:41:12.446Z,0.000,0,No
"5dd70be72f0aca3f0e7988b3e63f5c28",N/A,2018-10-23T04:27:00.456Z,0.000,0,No
"27b2d092f287c69088b03afa22250f2d",N/A,2018-10-26T11:48:52.947Z,0.000,0,No
"4a12a3e0a195ea181fe61ff1142d6620",N/A,2018-10-26T11:49:02.324Z,0.000,0,No
"7f2ec75d27a24075f8ece1e2869ec00f",N/A,2018-10-26T11:49:02.324Z,0.000,0,No
"ddcb8b6d7c325fee18c67babbb67a096",N/A,2018-10-26T11:49:02.324Z,0.000,0,No
"14ca2d30d66e889d8cf8ca99ee387a49",N/A,2018-10-30T02:02:31.786Z,0.000,0,No
"253479f4bf4af7fef6c87fc460a83525",N/A,2018-10-30T02:02:31.786Z,0.000,0,No
"2be050234bb3127d0c1bb2c26e68cc6e",N/A,2018-10-30T02:02:31.786Z,0.000,0,No
"8f4faed57fd61ba676fc09b9544c036c",N/A,2018-10-30T02:02:31.786Z,0.000,0,No
"c13b98c741a09fc51d9e0014d93aa697",N/A,2018-10-30T02:02:31.786Z,0.000,0,No
"123d93ee580f852596e52067ff62ad36",N/A,2018-10-31T02:34:45.532Z,0.000,0,No
"3107fd3592ba06a83467b2b624af4432",N/A,2018-11-02T02:43:15.616Z,0.000,0,No
"8f7a73b5592c143ad39b08891a550c6d",N/A,2018-11-02T02:43:15.616Z,0.000,0,No
"e30034ac1cbd0bc0de846431d19aa2f8",N/A,2018-11-02T02:43:15.616Z,0.000,0,No
"1f72b0356a79f57edecc74ef31a43a83",N/A,2018-11-03T03:50:31.176Z,0.000,0,No
"806e30b64e5bc02c44c366734fee1d6a",N/A,2018-11-03T03:50:31.176Z,0.000,0,No
"a44fda91da72a2a82be8261e5b8794a5",N/A,2018-11-03T03:50:31.177Z,0.000,0,No
"c6c043a9c70d2847ef0c59058c315721",N/A,2018-11-03T03:50:31.177Z,0.000,0,No
"d56239865196daf2afa64771f88575c3",N/A,2018-10-26T13:47:44.240Z,0.000,1,Yes
"032de1b65f4286c0388e761757ed78e6",N/A,2018-11-17T18:58:18.412Z,0.000,0,No
"5a62e56c728dce840bcd573e96ebc925",N/A,2018-11-17T18:58:18.412Z,0.000,0,No
"6e3ebeefae1e9513603239f5ec8a20d4",N/A,2018-11-17T18:58:18.412Z,0.000,0,No
"7313e83a5c4274b4ff1879781197bf23",N/A,2018-11-17T18:58:18.412Z,0.000,0,No
"b20c38f44158e5b6f3c6ee8e58c1736a",N/A,2018-11-17T18:58:18.412Z,0.000,0,No
"d48ff053ea0050ce91594385862719a2",N/A,2018-11-17T18:58:18.412Z,0.000,0,No
"85d0483a45396b5759bd1b56da9cf443",N/A,2018-11-26T13:39:52.400Z,0.000,0,No
"dcde5f0928e26db240e25093d24fb3dc",N/A,2018-11-26T13:39:52.400Z,0.000,0,No
"f4bd9836ad90577a8c9511b6b0e0161a",N/A,2018-11-26T13:39:52.399Z,0.000,0,No
"289f20b9a46e2f2fe0b50c1e53176433",N/A,2018-11-28T02:42:36.134Z,0.000,0,No
"5268016b34d8589cdd19de3c979cc043",N/A,2018-11-28T02:42:36.133Z,0.000,0,No
"5dafeae22cb2560870d4c7572c0e233e",N/A,2018-11-28T02:42:36.128Z,0.000,0,No
"70205e4b4b77880d865ce709d79f0423",N/A,2018-11-28T02:42:36.126Z,0.000,0,No
"77df62a3109df52d3f661e60a88aab72",N/A,2018-11-28T02:42:36.129Z,0.000,0,No
"78053a9061fe9274d1bccf68bcb069df",N/A,2018-11-28T02:42:36.128Z,0.000,0,No
"b53eb95b0c87f8e7b4f19cf4820e5127",N/A,2018-11-28T02:42:36.129Z,0.000,0,No
"b71d667ebedb3c50fdcae9415b18eeef",N/A,2018-11-28T02:42:36.133Z,0.000,0,No
"d6c19def2e68bd34d980d708256bc809",N/A,2018-11-28T02:42:36.133Z,0.000,0,No
"d89efd1986944e30ae52a26ae0dfc724",N/A,2018-11-28T02:42:36.127Z,0.000,0,No
"ef2b3d9bab14f2c3a42d0f4d6e3a6ddf",N/A,2018-11-28T02:42:36.129Z,0.000,0,No
"f2923d7cf904684779c506b593a72abf",N/A,2018-11-28T02:42:36.127Z,0.000,0,No
"f810522e2c888159b8206164c23305c1",N/A,2018-11-28T02:42:36.128Z,0.000,0,No
"f840bd06943d0549f824f03ff5b64639",N/A,2018-11-28T02:42:36.128Z,0.000,0,No
"e2258102acdf4551d140cc9fb3a0cfb9",N/A,2018-11-29T01:48:38.021Z,0.000,0,No
"4661e9ba33aa7d51bba2d34f40877798",N/A,2018-11-30T01:49:22.144Z,0.000,0,No
"31bb333f5234ee71f8eb9fae95c34bda",N/A,2018-12-01T05:51:41.329Z,0.000,0,No
"b176906eea1653718ecdfc73b34d60a4",N/A,2018-12-01T05:51:41.326Z,0.000,0,No
"6b084487760b09d9d38a6fe6a386e638",N/A,2018-12-04T02:13:47.710Z,0.000,0,No
"18549f2f7d53bc0ea80a907dda67399b",N/A,2018-12-06T01:42:42.533Z,0.000,0,No
"26befe0ce4bdbf43329aa77b05d5fa05",N/A,2018-12-06T01:42:42.526Z,0.000,0,No
"7eaa339a1b9d8fe4d1fc833ca06255d1",N/A,2018-12-06T01:42:42.532Z,0.000,0,No
"ca1b49ba9e189b819b1ac51e2454c1f8",N/A,2018-12-07T01:44:05.319Z,0.000,0,No
"dc0104383ef17f59a970c2c8720d0901",N/A,2018-12-07T12:35:00.028Z,0.000,0,No
"f8d36dadc2424bd80a65030362e7e677",N/A,2018-12-11T03:19:49.955Z,0.000,0,No
"dfbf1d9bdbafe966ff0def4b073efb3a",N/A,2018-12-11T01:41:05.652Z,0.000,0,No
"37c956d68edc4b36193a9fc80cbcff8e",N/A,2018-12-13T02:50:13.085Z,0.000,0,No
"a0296fbd16120494fe89d9c675b911d4",N/A,2018-12-13T02:50:13.084Z,0.000,0,No
"1d3bdb089146975a6813ad4c891ab8e2",N/A,2018-12-15T07:01:05.062Z,0.000,0,No
"20b5aba7cdbffe5d4ea759714ddb0d6f",N/A,2018-12-15T07:01:05.061Z,0.000,0,No
"ad3b45c3167cd218fe4f0bbbc59f0e6e",N/A,2018-12-16T21:12:43Z,1238.014,0,Yes
"76e7ad6a9a1d3c46150a9f81a0501789",N/A,2018-12-17T19:25:17.556Z,0.000,0,No
"28d6c9dd1f93f550ab41d20494afdb96",N/A,2018-12-30T07:38:45.856Z,0.000,0,No
"3671b7a16e4f83a66ddca1cd893149ef",N/A,2018-12-30T07:38:45.856Z,0.000,0,No
"71283b0e8a47883e998c039ee59102d1",N/A,2018-12-30T07:38:45.856Z,0.000,0,No
"802baa853dc3525934b66f3bef5b253b",N/A,2018-12-30T07:38:45.856Z,0.000,0,No
"917dd3e39e255008f763d3dda2016ccd",N/A,2018-12-30T07:38:45.856Z,0.000,0,No
"9538d8a3b4412e24eaa976e7dfe15cc1",N/A,2018-12-30T07:38:45.856Z,0.000,0,No
"9c1aedbbd8b1682596c8ab25d4721627",N/A,2018-12-30T07:38:45.855Z,0.000,0,No
"dfc12d3d4e5216962564de35d20971e7",N/A,2018-12-30T07:38:45.856Z,0.000,0,No
"a095be18513b818d185967b36386abc0",N/A,2018-12-31T20:24:41.187Z,0.000,0,No
"c8b1aef1b97763f37078efa54a302776",N/A,2018-12-31T20:24:41.187Z,0.000,0,No
"3864e0e179102473ad11abeb7b5e6c68",N/A,2019-01-01T19:18:34.805Z,0.000,0,No
"63b4019be9de80cb99094effe2a992cd",N/A,2019-01-01T19:18:34.806Z,0.000,0,No
"83b457299707794f0293aab59e2c71d4",N/A,2019-01-01T19:18:34.807Z,0.000,0,No
"8a1b780c0b703df20ad9de49a33e4138",N/A,2019-01-01T19:18:34.807Z,0.000,0,No
"9f6ec20ebba2dd969901b4984af865a5",N/A,2019-01-01T19:18:34.806Z,0.000,0,No
"b7530b7414f0b7b6f90436797a1c663d",N/A,2019-01-01T19:18:34.806Z,0.000,0,No
"7703f89479baf13b54d010a1601b5a0b",N/A,2019-01-03T03:01:18.994Z,0.000,0,No
"cb6d330a39b9ff1816e6b448ed2f648b",N/A,2019-01-03T03:01:18.994Z,0.000,0,No
"c95b7e51dee2ec9f3ca6d8da8d594d2d",N/A,2019-01-04T20:25:27.253Z,0.000,0,No
"2081c53ebfb5e55b2934db7f04c4b532",N/A,2019-01-04T21:34:30.527Z,0.000,0,No
"6eba9dff51c4d70bb9339941ab80b0df",N/A,2019-01-07T19:14:22.054Z,0.000,0,No
"186ca99c5964d4f32a318dc4bb802476",N/A,2019-01-10T02:47:08.063Z,0.000,0,No
"319818db5ea09e44a9651d8663b31730",N/A,2019-01-12T04:46:57.079Z,0.000,0,No
"ccaffa4d37e00ea8d2156a92da7d6074",N/A,2019-01-12T04:46:57.079Z,0.000,0,No
"06a52998a9c70ae755c8afcccac655d3",N/A,2019-01-15T23:26:06.830Z,271.005,0,Yes
"fb83ace45cf2c95baa45dcb2245ad3a2",N/A,2019-01-15T23:26:11.688Z,0.000,0,No
"c9c51bf9be41214588abb09f3eacfcf8",N/A,2019-01-16T00:00:56.041Z,0.000,1,Yes
"ecf662c322b243586fdb025f42590c54",N/A,2019-01-17T03:14:06.415Z,0.000,0,No
"fb2648638fe4be3673d12c76ef759448",N/A,2019-01-18T02:36:06.671Z,0.000,0,No
"89af287da29e66bafd0e0587eba3aa6f",N/A,2019-01-18T23:17:35.147Z,0.000,0,No
"a175f8c0eb16241baf9fa49c1558514e",N/A,2019-01-18T23:30:27.908Z,0.000,0,No
"7a5b063dbdc620eeb3cf06669669765a",N/A,2019-01-18T23:32:20.506Z,1.005,0,No
"3097075f2e6f5a9a47d73853806ac9cb",N/A,2019-01-20T13:58:49.697Z,0.000,0,No
"8f5322f2e5d421b18367946e3192e684",N/A,2019-01-22T02:54:23.413Z,0.000,0,No
"a0fbfe6d6fd9da18a06fa3cb623f26b6",N/A,2019-01-23T18:00:46.486Z,0.000,0,No
"92c18ffa92784eba6c5bdc019c69aaf8",N/A,2019-01-24T02:55:23.158Z,0.000,0,No
"7aeff62aae43b54236f4e7d69a02ec94",N/A,2019-01-26T13:38:35.509Z,0.000,0,No
"bf16e680f4d80b76f490d7d4615edf0b",N/A,2019-01-26T13:38:35.509Z,0.000,0,No
"4fc5533ecfaf2118e795ad9b28f89511",N/A,2019-01-26T14:43:53.744Z,0.000,0,No
"58ed43496a770186abd503a700757aae",N/A,2019-01-29T03:06:59.218Z,0.000,0,No
"61fd72def1924ccc73886386341a67ad",N/A,2019-01-31T22:37:41.950Z,0.000,0,No
"93904f995433c0b3778457b9fb8fc7d5",N/A,2019-01-31T22:37:41.950Z,0.000,0,No
"f6521e27bb1e714e9750848eb9f9fe32",N/A,2019-02-01T00:11:42.161Z,0.000,0,No
"9fea34ba1e73594e4a08ef96079d4019",N/A,2019-02-01T23:29:29.506Z,0.000,0,No
"5394802436534181bf0001b412e91760",N/A,2019-02-02T00:42:56.404Z,0.000,0,No
"ba3cb0bc9a0d67ac6da78e3a950ef796",N/A,2019-02-02T14:39:15.346Z,0.000,0,No
"1ee4160785c672b6782a3e6505f7518b",N/A,2019-02-05T01:40:35.189Z,0.000,0,No
"01f42f013aabfe46b4d9729c82e206f8",N/A,2019-02-06T13:52:20.605Z,0.000,0,No
"9907a0678569bd285e99cce0f1d96ea9",N/A,2019-02-07T02:53:26.052Z,0.000,0,No
"4d73c960a6f9742e0519b79949142e05",N/A,2019-02-08T02:11:42.135Z,0.000,0,No
"0306667e24909180aefbfd1624062d71",N/A,2019-02-08T18:25:30.249Z,0.000,0,No
"49452607f0b5551c8000678c7594c67c",N/A,2019-02-09T04:29:01.259Z,0.000,0,No
1451983041,N/A,2019-02-11T15:39:19Z,0.000,0,Yes
"fbf192546b8df239ccc3fadca9ac1aad",N/A,2019-02-11T23:46:08.053Z,0.000,0,No
"d9e0726f854fc9a4d185d798ea46b461",N/A,2019-02-12T23:38:30.055Z,0.000,0,No
"3e8cd3b857adbd10d3245ffd9f52544a",N/A,2019-02-14T03:17:14.466Z,0.000,0,No
"f015c025cb260ab1af3355545d56bf04",N/A,2019-02-14T03:17:14.465Z,0.000,0,No
"023ad23d76b662f5c9328638bc7ac05a",N/A,2019-02-15T11:49:22.574Z,0.000,0,No
"4c15a516d835ad93cb5fdf05e8fff07a",N/A,2019-02-15T13:29:29.545Z,0.000,0,No
"1fc2afdf6f5ab96a17f928ce0959a799",N/A,2019-02-16T00:27:32.883Z,0.000,0,No
"04c348a2648d586386f52f9074fc0287",N/A,2019-02-19T12:28:29.369Z,0.000,0,No
"c487bf4e52c7db2730a091c77508327a",N/A,2019-02-20T23:54:14.950Z,0.000,0,No
"e1402769d24b57094534574099dacda8",N/A,2019-02-21T13:13:56.592Z,0.000,0,No
"7792ff124ae2ec51773634a99636136d",N/A,2019-02-22T13:22:41.232Z,0.000,0,No
"15ca1e984217c32a7ea9414b47336a69",N/A,2019-02-23T06:13:03.826Z,0.000,0,No
"e51dfcc1f5bd8135ccbd70e5b9b4458a",N/A,2019-02-26T10:02:12.003Z,0.000,0,No
"258ba84ff6caa3432364d0a266e5ea32",N/A,2019-04-04T22:30:14.711Z,398.005,0,Yes
"797fec75b2b1fdf67fdfdccca0ac1f5c",N/A,2019-04-06T05:04:29.556Z,547.005,0,Yes
"f66565a5570aececca576eb55584b65f",N/A,2019-04-06T05:21:58.852Z,0.000,3,Yes
"f75a7e8adcb806d08b67368e821bcc54",N/A,2019-05-02T22:24:11.529Z,0.000,1,Yes
"56feca79a8cc9f034bf0f6f9b82a5d81",N/A,2019-05-03T11:50:58.819Z,0.000,2,Yes
"dd0269943fb1bffa542699030ac21972",N/A,2019-05-03T11:51:09.340Z,7.045,0,No
"d6887ae27bf982bfad15918335dc9972",N/A,2019-05-03T12:18:02.032Z,1610.005,0,Yes
"50fbe5988027a84ce82a8a806dac31e5",N/A,2019-05-07T22:54:43.483Z,0.000,1,Yes
"07b3b63761c63831c5938128b479a75c",N/A,2019-05-08T22:13:24.939Z,0.000,1,Yes
"248ae9d80d4523e39b9fbba47a12aa52",N/A,2019-05-11T16:32:40.209Z,25.872,0,Yes
"565f19790bb7c0b81aa6e9b76c89e604",N/A,2019-05-15T22:49:10.179Z,1207.001,0,Yes
"c258194dd5f4714accc56035712d2b65",N/A,2019-05-19T22:56:52.345Z,0.000,1,Yes
"10775da99a9e83b24cfc324fea617995",N/A,2019-05-19T23:19:07.930Z,0.000,1,Yes
"180a194d0a6cb25de18c56f9fc6d5d25",N/A,2019-05-19T23:19:32.272Z,575.001,0,Yes
"2131736b3ef15d29a872fa12e966e08f",N/A,2019-05-19T23:20:27.744Z,880.005,0,Yes
"0c221f0f8fc5c2d44c7a4d228e2ad0a1",N/A,2019-05-19T23:21:01.260Z,1186.001,0,Yes
"22d825a5fdb0dd456edc50020257c9c1",N/A,2019-06-03T22:48:40.543Z,1181.005,0,Yes
"3e9e29622dd81359aba41a7b640a63b3",N/A,2019-06-03T22:52:23.913Z,217.003,0,Yes
"6746e3b8c946c7f9b28f19d5ef596e1e",N/A,2019-06-07T21:17:24.168Z,954.824,0,Yes
"628f30008bbc89f409657fb3cfcd165f",N/A,2019-06-07T21:39:41.207Z,0.000,1,Yes
"bf1212ce0b4ef1dfb4fd831720586a85",N/A,2019-06-07T22:57:21.648Z,2541.004,1,Yes
"c5615ffec00df11443ce53e2280f1702",N/A,2019-06-25T22:44:10.722Z,0.000,1,Yes
"1a8c3ed1c70faea302779bd0c26b9d21",N/A,2019-06-26T21:50:38.558Z,0.000,1,Yes
"3a86f03d1e87274af0a7b202ab33fe62",N/A,2019-06-28T20:53:30.322Z,172.005,0,Yes
"1c69fca0c7e860f3b184c2667e265653",N/A,2019-06-28T21:12:35.372Z,0.000,1,Yes
"10e674b57a1cf273c955d257befa75ad",N/A,2019-07-01T12:35:32.674Z,0.000,2,Yes
"37f407493126903617865572394708f4",N/A,2019-07-02T12:38:00.980Z,2210.001,0,Yes
"a84889fb94ccb50fa086f3ca34ee911b",N/A,2019-07-13T04:25:24.217Z,0.000,3,Yes
"db1f5cb780a94701993a47042f423b5d",N/A,2019-07-13T19:36:15.753Z,0.000,1,Yes
"5964e844649916d9b602226cb027e81b",N/A,2019-07-19T21:47:42.342Z,0.000,1,Yes
"202c9ff7030a66d6bcb8473f2a69da9c",N/A,2019-08-01T22:37:50.004Z,119.004,3,Yes
"c3b0616c92d03387a730ec51c423c1e2",N/A,2019-08-01T22:59:41.690Z,1299.002,0,Yes
"c2ed7a1c831eef9bd4de5532dc1e9e1c",N/A,2019-08-09T21:28:54.028Z,0.000,1,Yes
"56c23b7eb3de148a3b813efa47cbded6",N/A,2019-08-16T21:43:38.427Z,1144.004,0,Yes
"2cfb1946488c2439b26c02bcc3910dd7",N/A,2019-08-16T22:05:36.902Z,0.000,1,Yes
"fb1eab3fb5e37592ea11c9ef55cee710",N/A,2019-08-22T20:55:17.314Z,1518.005,0,Yes
"52e868d58f1df7e9083f673829d9a066",N/A,2019-08-23T10:44:23.036Z,7.001,0,No
"1abeff788e7e41a87580746a184b6c27",N/A,2019-08-28T21:10:58.023Z,1146.001,0,Yes
"581485f31b5ddad42d999867e70073d8",N/A,2019-09-06T22:46:46.241Z,0.000,1,Yes
"a6733d0129b859fa2c98b512662a017d",N/A,2019-09-20T22:18:24.193Z,366.005,0,Yes
"2ac8c8e5956a2f123d4482ef7ef8c990",N/A,2019-09-25T11:45:40.436Z,0.000,1,Yes
"4f682c87439a0df8cae4eff38bed5edd",N/A,2019-09-27T21:16:23.125Z,0.000,4,Yes
"26334cd7524fba2953df518d3991d90a",N/A,2019-10-01T22:11:43.122Z,111.005,0,Yes
"ba18a66dd7e307b774d7444bf1bdc351",N/A,2019-10-01T22:34:47.530Z,0.000,1,Yes
"704bc9cbc32bb54de9cb552deca2c037",N/A,2019-10-10T00:56:28.215Z,0.000,0,No
"b73d768070adaab6d6be82f29268c9c2",N/A,2019-10-10T00:56:28.215Z,0.000,0,No
"60f66f7883fb4548221cd5a52d266006",N/A,2019-10-11T07:20:05.454Z,0.000,0,No
"d1217b62db375558d1907626c5f2df6f",N/A,2019-10-11T07:20:05.458Z,0.000,0,No
"8c55c36e53b43dc8ec5861d0e8eef02e",N/A,2019-10-12T03:09:26.209Z,0.000,0,No
"173d75e864026f6b5aba931898a919ba",N/A,2019-10-15T02:05:29.758Z,0.000,0,No
"085754d83ffd25a5fc89667e3e085375",N/A,2019-10-16T12:55:25.546Z,0.000,0,No
"ce15f32c05a371a71529068b17f8cd6c",N/A,2019-10-17T22:28:55.323Z,989.005,0,Yes
"1a5c8a21f46daadd143a3a224d708d7b",N/A,2019-10-17T22:29:01.298Z,0.000,0,No
"2b19be6624f2b9183a89b19031b5e43c",N/A,2019-10-17T22:29:01.298Z,0.000,0,No
"dcba82dea2e61dc3b6288b528b8549e8",N/A,2019-10-17T22:29:01.298Z,0.000,0,No
"e70c0d114b79be4b511779bcd78ce4f9",N/A,2019-10-17T22:29:01.298Z,0.000,0,No
"ecde389bc94e11d6636b771e69abda08",N/A,2019-10-17T22:29:18.974Z,0.000,0,No
"4f8f5fc4301bc85cc43240b2121968f7",N/A,2019-10-17T22:30:11.554Z,60.004,0,Yes
"12c58b98cb04be01bdbcd7de4189c1f1",N/A,2019-10-17T22:52:46.369Z,0.000,1,Yes
"15ffcf4bca3e6e213b8a8f307fa3cd6b",N/A,2019-10-18T12:37:48.165Z,0.000,0,No
"7bb41e242b04703d8d149631e9267bed",N/A,2019-10-18T12:37:48.165Z,0.000,0,No
"a8c8e39aeec5a4431ca8b949dd37a998",N/A,2019-10-18T12:37:48.165Z,0.000,0,No
"a33ddc764e2e51ab576e343bfee4b218",N/A,2019-10-22T13:10:33.631Z,0.000,0,No
"e3a5564dcce6868aae7b293451dc42c7",N/A,2019-10-22T13:10:33.631Z,0.000,0,No
"3f40a0e78c2214d9d2a4282ba494a23f",N/A,2019-10-24T22:34:17.342Z,62.005,0,Yes
"0c8235f19b7801f3b0823dbdfcb0336c",N/A,2019-10-24T22:34:39.573Z,0.000,0,No
"13d8e6ecb6d8afd30ccc2999de8079bd",N/A,2019-10-24T22:34:39.573Z,0.000,0,No
"1ebeae9e2083f9c4067b3c2e2be1ccc5",N/A,2019-10-24T22:34:39.573Z,0.000,0,No
"27d72345e8cfc0fae01843f361dc3aa2",N/A,2019-10-24T22:34:39.573Z,0.000,0,No
"284e537a95a64ec7647d951e13eac8b2",N/A,2019-10-24T22:34:39.573Z,0.000,0,No
"3776ab515f951347c2e019e1f43c962c",N/A,2019-10-24T22:34:39.573Z,0.000,0,No
"4c187a1f8dfd88ac831b87873c29d877",N/A,2019-10-24T22:34:39.573Z,0.000,0,No
"53bf384698a06583424cc0c897acba92",N/A,2019-10-24T22:34:39.573Z,0.000,0,No
"73b24ab5837c1858fe57f88a8c9932cb",N/A,2019-10-24T22:34:39.573Z,0.000,0,No
"7bba8c15db9ffa132c1fbef9d6840bc7",N/A,2019-10-24T22:34:39.573Z,0.000,0,No
"84e4484fbd52ed1ac7a13cd3b21f93f8",N/A,2019-10-24T22:34:39.573Z,0.000,0,No
"adbbfd507bd073ec622ec33d4d75dc7b",N/A,2019-10-24T22:34:39.573Z,0.000,0,No
"c714c482541d9b31aa6da79e321542d8",N/A,2019-10-24T22:34:39.573Z,0.000,0,No
"c852f1340599f4fbd4f2c96295a77ade",N/A,2019-10-24T22:34:39.573Z,0.000,0,No
"c9b6e17edfe5ea7b7e47066cf5ead558",N/A,2019-10-24T22:34:39.573Z,0.000,0,No
"f1be66875883049b646bc7dd7e9d23e6",N/A,2019-10-24T22:34:39.573Z,0.000,0,No
"f7927f0bef5eef892307877e557ad88f",N/A,2019-10-24T22:34:39.573Z,0.000,0,No
"f9c208e1b07027c598a7bd77285d2f61",N/A,2019-10-24T22:34:39.573Z,0.000,0,No
"fff65e465bb1cf914ed0f76a061d977a",N/A,2019-10-24T22:34:39.573Z,0.000,0,No
"57d5dc49ba25cedef86ff7a57876c458",N/A,2019-10-24T22:35:34.452Z,0.000,0,No
"5a6d1be837f598826ff2b2a89550e825",N/A,2019-10-25T18:47:37.553Z,0.000,0,No
"2855d23b23ee1ba05474f489dfa4d6c8",N/A,2019-10-25T18:48:01.852Z,0.000,0,No
"7b822a924b3d907e3119cc13229f0ae7",N/A,2019-10-25T18:48:01.852Z,0.000,0,No
"331aeccd4e59b284506a09afe3518ee2",N/A,2019-10-28T13:08:43.118Z,0.000,0,No
"f8268d9e6a8b31b8577d0fbe06fda8ef",N/A,2019-10-28T13:08:43.118Z,0.000,0,No
"b819b4caf0605c3e1cb854824b8fcf15",N/A,2019-10-29T22:39:38.467Z,0.000,0,No
"8f44310450bb3fe6421751795b371871",N/A,2019-10-31T13:05:22.093Z,0.000,0,No
"3bf0380a839a023c631470d36294b1c0",N/A,2019-11-01T13:28:13.163Z,0.000,0,No
"86174c87082b9e0c80592f5d5590286a",N/A,2019-11-01T13:28:13.162Z,0.000,0,No
"3d050850020bfbda7cffbb170e084205",N/A,2019-11-08T20:55:11.455Z,0.000,0,No
"8265b357191591d58ac9827356b5ae43",N/A,2019-11-08T20:55:11.455Z,0.000,0,No
"87efa13b24f6ac93a51afc1a67d1c4a6",N/A,2019-11-08T20:55:11.455Z,0.000,0,No
"0954c19d3738339f2567cf5aa4a28fc5",N/A,2019-11-21T23:09:07.337Z,0.000,1,Yes
"026058654469494e0d8d5a37a337538a",N/A,2019-11-21T23:09:27.566Z,0.000,0,No
"10666a5025e3ebb66ac75a16ed696b02",N/A,2019-11-21T23:09:27.565Z,0.000,0,No
"244dba59ad5b8bd1399daedd3ef06490",N/A,2019-11-21T23:09:27.565Z,0.000,0,No
"3b8f9baba1bbba06286a100758513eb0",N/A,2019-11-21T23:09:27.566Z,0.000,0,No
"581ae2b1263712bb6769968678219678",N/A,2019-11-21T23:09:27.566Z,0.000,0,No
"68cf2f6181e48f90488e98a103a72a57",N/A,2019-11-21T23:09:27.566Z,0.000,0,No
"a1c0239fdd5125620ff5c51d01097d73",N/A,2019-11-21T23:09:27.565Z,0.000,0,No
"a57e95c667cfb5bcc63a3780189aac38",N/A,2019-11-21T23:09:27.566Z,0.000,0,No
"ac48a6be3656fcd6c610e7cae85c95c1",N/A,2019-11-21T23:09:27.566Z,0.000,0,No
"ba731ec2622b4ac64195cb1854e50ec8",N/A,2019-11-21T23:09:27.565Z,0.000,0,No
"cdcf0da8128b9ab8bde01c62db679c15",N/A,2019-11-21T23:09:27.565Z,0.000,0,No
"e1f65583e7263634e20087af4c993fc5",N/A,2019-11-21T23:09:27.565Z,0.000,0,No
"e936288a6146d0e391ec4b20514c68d9",N/A,2019-11-21T23:09:27.565Z,0.000,0,No
"6e072187a3a68b1723f161cfa3db57a7",N/A,2019-11-21T23:24:29.359Z,0.000,1,Yes
"0cfcc0080a5cf59635293defda0a321d",N/A,2019-11-25T22:53:45.560Z,1181.001,0,Yes
"0e1d2e3d687d8894b45317438fc4e8b8",N/A,2019-11-25T22:53:47.448Z,0.000,0,No
"3722bf0af9c045cfaf7e98587b25c354",N/A,2019-11-25T22:53:47.448Z,0.000,0,No
"7fca419ef4078747afc246d4b69dc738",N/A,2019-11-25T22:53:47.448Z,0.000,0,No
"4f1a947aa76dc3042b089beb0aba1c20",N/A,2019-11-30T20:51:23.211Z,0.000,0,No
"2c62b166dbf669b41f744f022239e3bc",N/A,2019-11-30T20:51:30.514Z,0.000,0,No
"0b03a203db0b5944cd88903b50c96922",N/A,2019-11-30T20:51:48.916Z,0.000,0,No
"87498e25b2c8502e3b36a45c22f8cb15",N/A,2019-12-03T00:12:52.797Z,1294.005,0,Yes
"3fd360da96aedd8648f1dd17e8212faa",N/A,2019-12-03T00:13:03.141Z,0.000,0,No
"9afa006c9a450fedcf16074cdcf097b7",N/A,2019-12-06T13:48:27.758Z,0.000,0,No
"a38b40c1d7deeac6e84be4da491a89c0",N/A,2019-12-06T13:48:27.758Z,0.000,0,No
"cee8ab9a61c1cbfb0c3d61e7af900c8a",N/A,2019-12-06T13:48:27.758Z,0.000,0,No
"af7c4bf87ae3f8ff827a269cdffe8409",N/A,2019-12-06T13:49:23.535Z,827.001,2,Yes
"265407d8194b27b9cc12200a84691097",N/A,2019-12-06T22:22:55.107Z,1198.004,0,Yes
"c1b5fd808a558decb81aa64e8dddf924",N/A,2019-12-07T14:25:32.748Z,0.000,0,No
"af83a6137a9fed4f8fc72d80061160a4",N/A,2019-12-12T00:29:25.665Z,494.535,0,Yes
"18ac179e6bf2404ee9adf3ec0d4c4161",N/A,2019-12-12T00:29:30.164Z,0.000,0,No
"ba7096a64f155283b97a488de9424a71",N/A,2019-12-12T00:29:30.164Z,0.000,0,No
"51b77425e4225c6413138d0508736291",N/A,2019-12-13T22:33:21.416Z,0.000,0,No
"c13667ea1613c2d0cd62aa81512ec4ae",N/A,2019-12-13T22:33:21.416Z,0.000,0,No
"311271fe3a56884a334481ad454a9e44",N/A,2019-12-19T23:09:34.564Z,0.000,0,No
"5d7f157a9cafe56831b9ef63d2a39da5",N/A,2019-12-19T23:09:34.563Z,0.000,0,No
"c0cb78621eb599c0315d6b3d868ceb43",N/A,2019-12-19T23:09:34.564Z,0.000,0,No
"dfa76838680eb7e3131cfe9a42e8cf81",N/A,2019-12-19T23:09:34.563Z,0.000,0,No
"bae97afca8eddf4f3de056fb07fe3f8f",N/A,2019-12-19T23:10:14.464Z,461.006,0,Yes
"0c45eb9c5b643c1379a4ce28fe599749",N/A,2019-12-20T19:46:13.598Z,0.000,1,Yes
"65fc794e3c13bd3851f961dd59129a12",N/A,2019-12-22T14:19:12Z,596.745,0,No
"acca41760111f8450287523f88a0fbd5",N/A,2019-12-23T03:46:22.736Z,0.000,0,No
"181c9990ff11a97f4cb5ccf1af7b411c",N/A,2019-12-24T04:37:28.251Z,0.000,0,No
"233ebcbf9648ad13b4cdb45b4939dcd5",N/A,2019-12-24T04:37:28.251Z,0.000,0,No
"50b0ec66df1c7f0171eac195e79e5f38",N/A,2019-12-24T04:37:28.251Z,0.000,0,No
"a5ffda1a0e8d928a84cbb7ee46d35287",N/A,2019-12-24T04:37:28.251Z,0.000,0,No
"d54c6eeed062745052697704919ea118",N/A,2019-12-24T04:37:28.251Z,0.000,0,No
"f929d17fb7ba0e231a09dae09fb87f2a",N/A,2019-12-24T04:37:28.252Z,0.000,0,No
"713dfa876fbd6b41ba036fcb5591eb6a",N/A,2019-12-27T03:36:53.406Z,0.000,0,No
"722e4911577c97f9d4fb77cf6747217e",N/A,2019-12-28T05:32:01.809Z,0.000,0,No
"f006c05b2687634eec5385c578ea3cfb",N/A,2019-12-30T22:29:38.094Z,0.000,0,No
"4484c3398761a57a6486041ef257dfcf",N/A,2019-12-30T23:22:55.793Z,0.000,1,Yes
"19fe46f5a8569a161e5c09f1b2e4e4bc",N/A,2019-12-31T13:44:46.872Z,0.000,1,Yes
"cc22ba04b7b3712ef5e5e99cf21c3963",N/A,2019-12-31T21:46:04.702Z,0.000,0,No
"4774f1b4db2653ff5fb6bac952904014",N/A,2020-01-02T22:08:20.658Z,0.000,0,No
"750528f2971ea7ed328386d0f8c279f9",N/A,2020-01-02T22:08:19.625Z,15.001,0,Yes
"f7f0bc5f31dd527d09d04c822bc5b919",N/A,2020-01-03T03:46:04.845Z,0.000,0,No
"3f6f3a2dd4dfa7a89062e271530d4528",N/A,2020-01-06T10:26:46.322Z,0.000,0,No
"0e38e53f54dcf23ae9ce391cef81d096",N/A,2020-01-14T23:15:23.024Z,0.000,0,No
"6991b239a5de487bab1c6a92024b9cdc",N/A,2020-01-14T23:15:23.024Z,0.000,0,No
"a951e72fc18ddbbc3e3982923c68cabe",N/A,2020-01-14T23:15:23.024Z,0.000,0,No
"d18dbced82324925bcadb13e93ee8f4d",N/A,2020-01-14T23:15:23.024Z,0.000,0,No
"575c06a076bb3e4a5c99ea9c6f2837ff",N/A,2020-01-15T23:22:00.216Z,0.000,1,Yes
"6fe9f195ae94cb2a2f0785d1f685d041",N/A,2020-01-17T22:56:36.478Z,0.000,0,No
"63478038f4b21308f6af39d84ab11b37",N/A,2020-01-21T22:24:57.656Z,0.000,0,No
"68a954457035aeb4c4a62d04efc4ac52",N/A,2020-01-21T22:24:57.656Z,0.000,0,No
"fc084f6e3e90c0f7aae3e39d184940d0",N/A,2020-01-21T22:25:37.752Z,0.000,1,Yes
"a036a1c79a62a3232f814f4522d69fde",N/A,2020-01-23T01:06:47.366Z,0.000,2,Yes
"af502e3e42846a8c632281135bde66e3",N/A,2020-01-23T01:07:57.932Z,0.000,2,Yes
"038d9c9292c961fbfc43e186d87d3c1c",N/A,2020-01-24T03:36:13.040Z,0.000,1,Yes
"79507f0c0e296f96a94add8d8b59af62",N/A,2020-01-24T22:33:14.934Z,63.005,0,Yes
"741015096fa3681043d728cd1f8d2ca7",N/A,2020-01-24T22:46:15.426Z,714.000,2,Yes
"00baaa0de8302d7dae41c97b4ac7ae26",N/A,2020-01-27T23:21:28.899Z,0.000,0,No
"fe70efe190b442ad9ef4336d7106a9bb",N/A,2020-01-28T16:31:46.102Z,0.000,1,Yes
"b715542d657db91793afa52b440f6cc3",N/A,2020-01-29T23:47:46.783Z,0.000,0,No
"026a120ab108b064fb08c63eff34da81",N/A,2020-01-30T22:25:29.957Z,0.000,0,No
"191444c4520b6566ae9291b343644fac",N/A,2020-01-30T22:25:29.957Z,0.000,0,No
"2279eabc161fdde5d42340c6caf9c23a",N/A,2020-01-30T22:25:29.957Z,0.000,0,No
"2e44c59f07822be7de3b92e002bcec8d",N/A,2020-01-30T22:25:29.957Z,0.000,0,No
"303bad959dc9f9434b8f96cd2c5c9c6b",N/A,2020-01-30T22:25:29.957Z,0.000,0,No
"307467afa9d0d3d44114eb24dfb6861e",N/A,2020-01-30T22:25:29.957Z,0.000,0,No
"5087d6179fb1c52648f4e8ffc6029edd",N/A,2020-01-30T22:25:29.957Z,0.000,0,No
"5d8359bbe6f850e0d923e6a43dcaf03e",N/A,2020-01-30T22:25:29.957Z,0.000,0,No
"65c4f3f89a0743d75414ea9f06ac3ff0",N/A,2020-01-30T22:25:29.957Z,0.000,0,No
"8de5d95d5dc42eeefcc7786c12a6f0b3",N/A,2020-01-30T22:25:29.957Z,0.000,0,No
"8eaea127a058c5a9f414655f9200c150",N/A,2020-01-30T22:25:29.957Z,0.000,0,No
"a7a1497c83a6616c1654b2d9c5208371",N/A,2020-01-30T22:25:29.956Z,0.000,0,No
"ae2b7a9b8616882a2fca982b2d4c88a4",N/A,2020-01-30T22:25:29.957Z,0.000,0,No
"e2d46afb44c2162ea459e380d92e9da3",N/A,2020-01-30T22:25:29.957Z,0.000,0,No
"fb6855b28689ef1badbe3ac116ee888d",N/A,2020-01-30T22:25:29.957Z,0.000,0,No
"fe9a0f859f0196da1ec38dddb9e85d3e",N/A,2020-01-30T22:25:29.957Z,0.000,0,No
"ffcca9ebb438c230a772ddfb1907e328",N/A,2020-01-30T22:25:29.956Z,0.000,0,No
"863435b690e97d213cd8ebf2911c7a27",N/A,2020-01-30T22:25:35.633Z,546.856,0,Yes
"53b821d8ec9622b29acb9980af366665",N/A,2020-01-31T22:32:38.590Z,0.000,1,Yes
"5af65293bff97ff04f5a7e7ca131b5f3",N/A,2020-02-04T22:07:28.251Z,0.000,0,No
"9668618d85dbb67748dca0b209a2aca1",N/A,2020-02-04T22:07:28.251Z,0.000,0,No
"daf98b3d8adc9d695d8fd92a72212819",N/A,2020-02-04T22:07:47.565Z,0.000,1,Yes
"90575e65e975a8439d02aeebea1b28b0",N/A,2020-02-05T13:31:43.486Z,0.000,0,No
"693fbb1f8dd989db61374683c9c16726",N/A,2020-02-08T02:13:05.937Z,0.000,0,No
"4de9d2f68a369c3a327091dea2e6c1b4",N/A,2020-02-10T06:54:52.459Z,0.000,0,No
"be8ceac493d641be17f2a73b059fff9c",N/A,2020-02-12T00:01:17.037Z,0.000,0,No
"c988d3b85945c6cbc2c1bc344e94f39d",N/A,2020-02-12T00:01:27.216Z,0.000,1,Yes
"18402bfdcb9a15b19e8da66eb5c67864",N/A,2020-02-14T22:39:13.396Z,0.000,0,No
"19155b9d70d0b35ffbd7b4d88c867cf1",N/A,2020-02-14T22:39:13.396Z,0.000,0,No
"2a22a1aa186f6e76f3564251a092b534",N/A,2020-02-14T22:39:13.395Z,0.000,0,No
"2ca8da11a04a8a6771d47f339645de95",N/A,2020-02-14T22:39:13.395Z,0.000,0,No
"2d44ff3877537b07c17431f1bdf72642",N/A,2020-02-14T22:39:13.396Z,0.000,0,No
"2e14ec2d45034cc6ff43d99c2bdb5703",N/A,2020-02-14T22:39:13.396Z,0.000,0,No
"4ae881b051088573b6edeb7707f56690",N/A,2020-02-14T22:39:13.395Z,0.000,0,No
"4d3e1e945eaadf9ad403150631ae6bb9",N/A,2020-02-14T22:39:13.396Z,0.000,0,No
"57e5582223134a327e280f7b1293eb9f",N/A,2020-02-14T22:39:13.395Z,0.000,0,No
"5eaa5cb4472e5203eb16bef73671ca66",N/A,2020-02-14T22:39:13.395Z,0.000,0,No
"67e4ee55ba9e78ae65379c938a54b0f0",N/A,2020-02-14T22:39:13.396Z,0.000,0,No
"692b6615a50fc40c5fd09bc3d400cac8",N/A,2020-02-14T22:39:13.396Z,0.000,0,No
"762dbc1400017aba6a7dcf0ad0b56593",N/A,2020-02-14T22:39:13.396Z,0.000,0,No
"77b63a9ba428d30eaebc1b301b034000",N/A,2020-02-14T22:39:13.396Z,0.000,0,No
"83f396ef6b462dbc91d058b15f4dee05",N/A,2020-02-14T22:39:13.396Z,0.000,0,No
"885d25a9d41e5eae80eb513d4c42806b",N/A,2020-02-14T22:39:13.395Z,0.000,0,No
"8f45a62cc420c19a32d24d4f433edb46",N/A,2020-02-14T22:39:13.396Z,0.000,0,No
"91a5e4722d705ff10eaac925057af6a4",N/A,2020-02-14T22:39:13.395Z,0.000,0,No
"bbfb5cebcb2029f9d8c6434e0fe1ec18",N/A,2020-02-14T22:39:13.395Z,0.000,0,No
"bdf4db26668b6a9dd658a83022e0a55b",N/A,2020-02-14T22:39:13.396Z,0.000,0,No
"c26db6b808f53e25f890bcf4093b7381",N/A,2020-02-14T22:39:13.396Z,0.000,0,No
"d207ee1ecabdaaa3d7da932689f3e931",N/A,2020-02-14T22:39:13.395Z,0.000,0,No
"d2a2dc4a5a28a841575652e18fc8f282",N/A,2020-02-14T22:39:13.395Z,0.000,0,No
"dc9ac3a71aac1a7eae30491d47b88570",N/A,2020-02-14T22:39:13.396Z,0.000,0,No
"e450947716d7a53d3dd3040f57e3a85f",N/A,2020-02-14T22:39:13.396Z,0.000,0,No
"e7e61f5eddb48ab4d5e64e265891170d",N/A,2020-02-14T22:39:13.395Z,0.000,0,No
"e845e077bde582d5b7b3f05bcdcc6872",N/A,2020-02-14T22:39:13.395Z,0.000,0,No
"e9b0b79ab6c389e9cff94cd7df2f3f47",N/A,2020-02-14T22:39:13.396Z,0.000,0,No
"f444359d668545e416dcc678523f424e",N/A,2020-02-14T22:39:13.395Z,0.000,0,No
"f90c9dca9f9461142adfbb33cce713e1",N/A,2020-02-14T22:39:13.396Z,0.000,0,No
"46dd3f1bdd57d792b330f23aa1a4923b",N/A,2020-02-14T22:39:35.138Z,0.000,0,No
"e2a842b0fa348ca8eb2ba769f7eab829",N/A,2020-02-14T22:56:24.891Z,894.001,0,Yes
"2dec0dd2cb2d3e5bfa00c1c7cbd7ffa8",N/A,2020-02-16T17:02:17.357Z,0.000,0,No
"cad43b6c31f603675eacad40bb6227f7",N/A,2020-02-17T14:33:00.339Z,0.000,0,No
"81aec90f6e6880c6e72abb8729039c49",N/A,2020-02-17T22:25:18.206Z,0.000,0,No
"b57046f14bfce2de344d4ffcca1dea6e",N/A,2020-02-17T22:25:26.511Z,519.005,0,Yes
"477d3bdc2acb6ea302bbdf77f78c4fdd",N/A,2020-02-23T06:49:56.078Z,0.000,0,No
"afcb6df1838e28038c62c4446e7ed2c4",N/A,2020-02-23T06:49:56.079Z,0.000,0,No
"c3d0e62a42f6b4429e6eecda603fed2e",N/A,2020-02-23T06:49:56.079Z,0.000,0,No
"cbbeba966c743d568fe6ab00a1412cc6",N/A,2020-02-24T16:01:25.421Z,0.000,0,No
"fc4a23bdb888efb1b9a39ba9d3d49cc5",N/A,2020-02-24T16:01:25.421Z,0.000,0,No
"8350abf73301d7f9f2f1577d11af577e",N/A,2020-02-25T03:01:57.235Z,0.000,0,No
"cf456a4f03417d1b3fe2f95c065f9885",N/A,2020-02-26T07:45:02.579Z,0.000,0,No
"95ddc682010e7678dc5677c632238469",N/A,2020-02-27T02:53:33.522Z,0.000,0,No
"269f18c610facd9cad0c02ec44a22098",N/A,2020-02-27T20:59:39.921Z,0.000,1,Yes
"a987d3fd2f8cf142398bb4edb9bb78fb",N/A,2020-02-27T21:15:38.909Z,957.001,0,Yes
"02830e8baeab641eb8d557baa40c7c47",N/A,2020-02-27T02:55:25.272Z,0.000,0,No
"a01481ea2b0a3495a1b526e11c1bc612",N/A,2020-02-28T14:10:37.144Z,0.000,0,No
"5867847d6ab1999dd6168f6e670fa7ff",N/A,2020-02-29T15:18:18.948Z,0.000,0,No
"20f456c7654e13ab9ca2661fb990d272",N/A,2020-03-09T22:38:19.318Z,0.000,0,No
"3266660aa0a2594645d1775b0bc2e9e7",N/A,2020-03-09T22:38:19.318Z,0.000,0,No
"3585c978c3c3e73192b6ca4c4d7617ff",N/A,2020-03-09T22:38:19.318Z,0.000,0,No
"86888c9b85bbb78280695e73664e22da",N/A,2020-03-09T22:38:19.318Z,0.000,0,No
"d2180435935d252b72a8e273c81cb9f8",N/A,2020-03-09T22:38:19.318Z,0.000,0,No
"3adeb24bb5dbd5cceafb1f6c0d49ae1a",N/A,2020-03-17T00:27:45.979Z,0.000,0,No
"644df1d9ea3fdacb80fef548b17447be",N/A,2020-03-17T00:27:45.979Z,0.000,0,No
"cc3bcc4920393f9f315b2bdd64375893",N/A,2020-03-17T00:27:45.979Z,0.000,0,No
"ef3ad33bbdd5461ae1494c6b41ceb4ea",N/A,2020-03-17T00:30:00.225Z,480.005,3,Yes
"fa893724d1fadadc4052cb90bac83d0b",N/A,2020-03-17T15:40:59.700Z,0.000,1,Yes
"1f8b281715f555c4d0585574a0500708",N/A,2020-03-17T15:41:49.781Z,29.001,0,Yes
"4314bd4ba9063f5298a015201df320d8",N/A,2020-03-17T19:36:35.619Z,16.001,0,Yes
"e3dfecbb0b89be289d96896101435a70",N/A,2020-03-19T15:12:35.730Z,0.000,0,No
"d9bdd00bde0d6e114aa58ca237478627",N/A,2020-03-23T14:56:53.723Z,0.000,0,No
1503441638,N/A,2020-03-23T16:52:28Z,58.310,0,Yes
"d2c922c7b71693918208a2c1aab0cc67",N/A,2020-03-25T14:59:10.382Z,0.000,0,No
1506098366,N/A,2020-04-06T18:25:17Z,127.555,0,Yes
"21f04b1815491e705b3abf83ccbce03f",N/A,2020-04-11T04:06:55.755Z,0.000,0,No
"228c61f94a972edccdb8b74239fe4da5",N/A,2020-04-11T04:06:55.755Z,0.000,0,No
"332407edef54a52c0a830cfe2e34a2d2",N/A,2020-04-11T04:06:55.754Z,0.000,0,No
"38dd6e390bc68e8950b576f9cc786b70",N/A,2020-04-11T04:06:55.756Z,0.000,0,No
"580e62796da2290070ff7879e4a7582b",N/A,2020-04-11T04:06:55.757Z,0.000,0,No
"5daf2baf52ef0db73321b41cd414f45b",N/A,2020-04-11T04:06:55.755Z,0.000,0,No
"758c808a9823efbe9c11de843199a4bf",N/A,2020-04-11T04:06:55.755Z,0.000,0,No
"8b5b3bbb9194362579de14598f58b79a",N/A,2020-04-11T04:06:55.756Z,0.000,0,No
"bd00cd4da345d68a3588eb3639d11e8e",N/A,2020-04-11T04:06:55.756Z,0.000,0,No
"e61103894277d7a3a1d5716cf39de681",N/A,2020-04-11T04:06:55.757Z,0.000,0,No
"e966bb5cec09ad376b7e31fdd7e6aad0",N/A,2020-04-11T04:06:55.755Z,0.000,0,No
"e98dedff21699577cd6278bcb4c9a206",N/A,2020-04-11T04:06:55.757Z,0.000,0,No
"b94ef606ec1f855fc1ff132cd2303d31",N/A,2020-04-14T02:29:43.043Z,0.000,0,No
"d3f56d43ddb701b6b6408f09d5eb1e2d",N/A,2020-04-14T16:02:32.505Z,0.000,1,Yes
"a77778b982e1e45e242cb320eefd334b",N/A,2020-04-14T16:24:02.685Z,12.004,0,No
"efd94e5299a7e9287b0f44c206e65cae",N/A,2020-04-14T21:52:11.609Z,0.000,1,Yes
"4d84b3affcd9caf7e348ea81ef8793ec",N/A,2020-04-22T23:09:51.621Z,0.000,0,No
"6bc3dff9af9f92cf5f0a59859e4bd0a1",N/A,2020-04-22T23:09:51.621Z,0.000,0,No
"ac2fbb706f8d5da16f6df03cd6901512",N/A,2020-04-22T23:09:51.621Z,0.000,0,No
"c3541c4c5741924d9e3bd139c0a6453f",N/A,2020-04-22T23:09:51.621Z,0.000,0,No
"0a8bdc4ab14024ae56b6fafb23a263ce",N/A,2020-04-27T02:26:46.943Z,0.000,0,No
"961e420527ef84122a200673c730eb60",N/A,2020-04-27T02:26:46.943Z,0.000,0,No
"f42dc320aa57e3d789703626601bbeb5",N/A,2020-04-27T02:26:46.943Z,0.000,0,No
"ea76c2fe84c01147f863c24e8ec7f3b4",N/A,2020-04-28T15:06:00.864Z,0.000,0,No
"7110d177d94c26f88c063a464f91f07a",N/A,2020-05-03T22:36:20.365Z,0.000,0,No
"b46e8c65fa542e307081b84ff1b30441",N/A,2020-05-03T22:36:20.365Z,0.000,0,No
"e2608cbe88e080e1a5310984ccabd127",N/A,2020-05-04T23:05:02.320Z,0.000,0,No
"2a807250787ae024b185ce2dcb140bb1",N/A,2020-05-06T12:18:09.854Z,0.000,0,No
"58210f50b6edaf861e0406f5f2703031",N/A,2020-05-08T12:18:17.188Z,0.000,0,No
"86d8d1e3d11d72060835c17884093f90",N/A,2020-05-11T12:15:50.193Z,0.000,0,No
"1ec58b770b5a416f90f26578c4ca64f9",N/A,2020-05-13T00:22:15.581Z,0.000,1,Yes
"8d4b23077069e1e096deccfd87e3e0fa",N/A,2020-05-13T00:50:08.747Z,0.000,1,Yes
"04b96a5c2d05edf1ba1e9a401bedbbd5",N/A,2020-05-13T12:36:01.447Z,0.000,0,No
"046b50a79c747f60a95356713b277618",N/A,2020-05-13T19:34:21.648Z,0.000,0,No
"e8d9aa67719b0532a71f81e589f6fca0",N/A,2020-05-15T13:08:56.806Z,0.000,0,No
"672ef241960b02aacb8efc3a75197a14",N/A,2020-05-15T18:11:01.135Z,0.000,0,No
"48bb9ac0d0689da35387f19cd53702bc",N/A,2020-05-17T00:07:41.978Z,0.000,0,No
"fcba8b0839e0d0aaa34f511c8973038b",N/A,2020-05-18T12:59:03.077Z,0.000,0,No
"569b28d476454293c0c6c9cc4eebf3b6",N/A,2020-05-20T22:23:40.663Z,0.000,0,No
"47630eb668c89f32b9dd2a0e92916df1",N/A,2020-05-22T23:23:49.035Z,0.000,0,No
"e2e54d5bbc02b563f0c4b783fabc07e5",N/A,2020-05-26T18:15:18.879Z,0.000,0,No
"720c0d5884987d7ccdf8b37f59fdb4f3",N/A,2020-05-27T18:12:49.305Z,0.000,0,No
"11ec7f67c42cd9a396a10f8300fabe24",N/A,2020-05-30T00:06:59.855Z,0.000,0,No
"ab688049bc8ee48209281d6b8e462139",N/A,2020-05-31T14:38:03.522Z,0.000,0,No
"b3b662e58cc2ca37beb1d008846c7345",N/A,2020-06-09T17:23:35.036Z,0.000,0,No
"38968083d3112210e3d6eeee02165664",N/A,2020-06-12T16:06:25.265Z,0.000,0,No
"550c4443d494bce232e8dd60a2af568e",N/A,2020-06-13T18:00:25.464Z,0.000,0,No
"f40672439a3b4ec86285f075545eb826",N/A,2020-06-15T23:00:53.104Z,3.017,0,No
"251c0837346b5b620523e8f8a93b8371",N/A,2020-06-15T23:02:14.110Z,66.999,0,Yes
"67bb53a5c717313fc08b5af41f9103ef",N/A,2020-06-15T23:23:46.304Z,0.000,1,Yes
"872fde9f86ec22afeab3c2aa1a869c12",N/A,2020-06-15T23:29:12.367Z,302.004,0,Yes
"2cd4184d0955745a74c7de09baa63ee2",N/A,2020-06-17T22:53:15.361Z,0.000,0,No
"11bc584fb2b09489ebf3fa75ca3e78f6",N/A,2020-06-21T20:20:42.573Z,0.000,0,No
"35572bf83f71577b4e36cdc261493072",N/A,2020-06-23T12:48:12.045Z,0.000,0,No
"9ad51843215a3b2b58d1b0a7754f05a9",N/A,2020-06-25T16:05:00.909Z,0.000,0,No
