{
  "preferences_and_recent_activity" : {
    "interpreted_preferences_and_recent_activity" : {
      "preferences_and_recent_activity_user_id" : "f531f3ef78c24eb3b13adca17dd2cb33050",
      "preferences_and_recent_activity_last_modified_timestamp" : "Thursday 25 June 2020 18:13:30.395+0000",
      "preferences" : [ {
        "preference_timeWindow" : "AllTime",
        "preference_teams" : [ {
          "name" : "Golden State Warriors [en] / Golden State Warriors [en-CA] / Golden State Warriors [en-GB] / Golden State Warriors [en-US] / Golden State Warriors [es-MX] / Warriors de Golden State [fr-CA]",
          "count" : 3,
          "timestamp" : "Friday 14 June 2019 02:04:19.192+0000",
          "secondary_name" : "NBA"
        }, {
          "name" : "Houston Rockets [en] / Houston Rockets [en-CA] / Houston Rockets [en-GB] / Houston Rockets [en-US] / Houston Rockets [es-MX] / Rockets de Houston [fr-CA]",
          "count" : 2,
          "timestamp" : "Monday 21 May 2018 00:28:54.972+0000",
          "secondary_name" : "NBA"
        }, {
          "name" : "Toronto Raptors [en] / Toronto Raptors [en-CA] / Toronto Raptors [en-GB] / Toronto Raptors [en-US] / Toronto Raptors [es-MX] / Raptors de Toronto [fr-CA]",
          "count" : 1,
          "timestamp" : "Friday 14 June 2019 02:04:19.192+0000",
          "secondary_name" : "NBA"
        } ],
        "preference_leagues" : [ {
          "name" : "NBA",
          "count" : 3,
          "timestamp" : "Friday 14 June 2019 02:04:19.192+0000",
          "secondary_name" : "Basketball [en] / Baloncesto [es-MX] / Basketball [fr-CA] / Basquete [pt-BR] / Basket [sv-SE]"
        } ],
        "preference_sports" : [ {
          "name" : "Basketball [en] / Baloncesto [es-MX] / Basketball [fr-CA] / Basquete [pt-BR] / Basket [sv-SE]",
          "count" : 3,
          "timestamp" : "Friday 14 June 2019 02:04:19.192+0000"
        } ]
      }, {
        "preference_timeWindow" : "Evening",
        "preference_teams" : [ {
          "name" : "Golden State Warriors [en] / Golden State Warriors [en-CA] / Golden State Warriors [en-GB] / Golden State Warriors [en-US] / Golden State Warriors [es-MX] / Warriors de Golden State [fr-CA]",
          "count" : 3,
          "timestamp" : "Friday 14 June 2019 02:04:19.192+0000",
          "secondary_name" : "NBA"
        }, {
          "name" : "Houston Rockets [en] / Houston Rockets [en-CA] / Houston Rockets [en-GB] / Houston Rockets [en-US] / Houston Rockets [es-MX] / Rockets de Houston [fr-CA]",
          "count" : 2,
          "timestamp" : "Monday 21 May 2018 00:28:54.972+0000",
          "secondary_name" : "NBA"
        }, {
          "name" : "Toronto Raptors [en] / Toronto Raptors [en-CA] / Toronto Raptors [en-GB] / Toronto Raptors [en-US] / Toronto Raptors [es-MX] / Raptors de Toronto [fr-CA]",
          "count" : 1,
          "timestamp" : "Friday 14 June 2019 02:04:19.192+0000",
          "secondary_name" : "NBA"
        } ],
        "preference_leagues" : [ {
          "name" : "NBA",
          "count" : 3,
          "timestamp" : "Friday 14 June 2019 02:04:19.192+0000",
          "secondary_name" : "Basketball [en] / Baloncesto [es-MX] / Basketball [fr-CA] / Basquete [pt-BR] / Basket [sv-SE]"
        } ],
        "preference_sports" : [ {
          "name" : "Basketball [en] / Baloncesto [es-MX] / Basketball [fr-CA] / Basquete [pt-BR] / Basket [sv-SE]",
          "count" : 3,
          "timestamp" : "Friday 14 June 2019 02:04:19.192+0000"
        } ]
      } ],
      "recentActivity" : {
        "recent_activity_live_tuned_in_content" : [ {
          "content_name" : "NBA Finals Toronto Raptors at Golden State Warriors (6 of 7) [en] / NBA Finals: Toronto Raptors at Golden State Warriors (6 of 7) [en-CA] / NBA Finals Toronto Raptors at Golden State Warriors (6 of 7) [en-GB] / NBA Finals: Toronto Raptors at Golden State Warriors (6 of 7) [en-US] / NBA Finals Toronto Raptors vs. Golden State Warriors (6 of 7) [es-MX] / Finales de la NBA : Raptors de Toronto vs. Warriors de Golden State (6 sur 7) [fr-CA]",
          "content_timestamp" : "Friday 14 June 2019 02:04:19.192+0000",
          "content_type" : "SportingEvent",
          "content_language" : "",
          "content_country" : "",
          "content_brand" : "ESPN",
          "content_release_year_decade" : 2010,
          "content_competitors" : [ "Toronto Raptors [en] / Toronto Raptors [en-CA] / Toronto Raptors [en-GB] / Toronto Raptors [en-US] / Toronto Raptors [es-MX] / Raptors de Toronto [fr-CA]", "Golden State Warriors [en] / Golden State Warriors [en-CA] / Golden State Warriors [en-GB] / Golden State Warriors [en-US] / Golden State Warriors [es-MX] / Warriors de Golden State [fr-CA]" ],
          "content_league" : "NBA",
          "content_sport" : "Basketball [en] / Baloncesto [es-MX] / Basketball [fr-CA] / Basquete [pt-BR] / Basket [sv-SE]"
        } ],
        "recent_activity_collection_pool_viewed_collections" : [ {
          "collection_name" : "Superhero TV Shows [en-US]",
          "collection_timestamp" : "Wednesday 19 February 2020 23:07:15.110+0000"
        }, {
          "collection_name" : "Animal Focus [en-US]",
          "collection_timestamp" : "Wednesday 19 February 2020 23:07:15.110+0000"
        } ]
      },
      "preferences_and_recent_activity_version" : 1,
      "preferences_and_recent_activity_isDisabled" : false,
      "preferences_and_recent_activity_last_visited_timestamp" : "Thursday 25 June 2020 18:13:30.306+0000"
    }
  },
  "entity_last_modified" : {
    "interpreted_entity_last_modified" : {
      "entity_name" : "КАРАНТИНА [bg] / 居家隔離 [cmn-Hans] / 居家隔離 [cmn-Hant] / Karanténa [cs] / Quarantine [en] / En cuarentena [es-ES] / En confinement [fr-FR] / क्वॉरन्टीन [hi] / Karantén [hu] / テレワーク中 [ja] / 격리 [ko] / Quarantaine [nl] / Kwarantanna [pl] / Карантин [ru] / Karanténa [sk] / Karantina [tr] / Карантин [uk] / Cách Ly [vi] / 居家隔離 [yue-Hant]",
      "entity_last_modified" : "Friday 22 May 2020 21:02:29.269+0000"
    }
  }
}