{
  "events" : [ {
    "stored_event" : {
      "bundle_id" : "com.hulu.plus",
      "brand_id" : "tvs.sbd.10000",
      "external_playable_id" : "a5c5a1f7-fe56-4516-84f6-995e735ddeb6",
      "external_show_id" : "200c56d4-124c-41a1-b7d2-688f86f432bf",
      "timestamp" : 1591505743722,
      "play_cursor_in_milliseconds" : 1202892,
      "media_length_in_milliseconds" : 1296895,
      "is_done" : true,
      "media_type" : "TV",
      "canonical_id" : "umc.cmc.62ubr409uiesh2x0mxnymyez8",
      "canonical_show_id" : "umc.cmc.4nernxq22u93vwrjpt6kfk3m5",
      "whitelisted_headers" : [ {
        "key" : "model",
        "value" : "iPhone"
      }, {
        "key" : "x-apple-i-locale",
        "value" : "en_US"
      }, {
        "key" : "x-apple-tz",
        "value" : "-18000"
      }, {
        "key" : "xp_ab",
        "value" : "1#Zh4zkDd+-2+8GzqZhG1#WqjkRLH+-2+VorhBcD2#ZPJNBED+-2+uSRC9ab0#jTGaGZu+-2+PzQbcdy1"
      } ],
      "client_is_done" : true
    },
    "event_interpretation" : {
      "human_readable_media_description" : "Community (Episode Number: [8], Episode Title: [App Development And Condiments], Season Number: [5])",
      "human_readable_timestamp" : "Sat Jun 06 21:55:43 PDT 2020",
      "human_readable_brand" : "Hulu"
    }
  }, {
    "stored_event" : {
      "bundle_id" : "com.hulu.plus",
      "brand_id" : "tvs.sbd.10000",
      "external_playable_id" : "10597a1c-fdf6-41a5-af35-ce3a2cf29721",
      "external_show_id" : "200c56d4-124c-41a1-b7d2-688f86f432bf",
      "timestamp" : 1591504520987,
      "play_cursor_in_milliseconds" : 1292595,
      "media_length_in_milliseconds" : 1301175,
      "is_done" : true,
      "media_type" : "TV",
      "canonical_id" : "umc.cmc.665iorg6bwdwc0cl3j0s0x7dz",
      "canonical_show_id" : "umc.cmc.4nernxq22u93vwrjpt6kfk3m5",
      "whitelisted_headers" : [ {
        "key" : "model",
        "value" : "iPhone"
      }, {
        "key" : "x-apple-i-locale",
        "value" : "en_US"
      }, {
        "key" : "x-apple-tz",
        "value" : "-18000"
      }, {
        "key" : "xp_ab",
        "value" : "1#Zh4zkDd+-2+8GzqZhG1#WqjkRLH+-2+VorhBcD2#ZPJNBED+-2+uSRC9ab0#jTGaGZu+-2+PzQbcdy1"
      } ],
      "client_is_done" : true
    },
    "event_interpretation" : {
      "human_readable_media_description" : "Community (Episode Number: [7], Episode Title: [Bondage And Beta Male Sexuality], Season Number: [5])",
      "human_readable_timestamp" : "Sat Jun 06 21:35:20 PDT 2020",
      "human_readable_brand" : "Hulu"
    }
  }, {
    "stored_event" : {
      "bundle_id" : "com.hulu.plus",
      "brand_id" : "tvs.sbd.10000",
      "external_playable_id" : "f9ef86d8-c65c-4ea3-8838-b766402b070f",
      "external_show_id" : "200c56d4-124c-41a1-b7d2-688f86f432bf",
      "timestamp" : 1591502222448,
      "play_cursor_in_milliseconds" : 1297712,
      "media_length_in_milliseconds" : 1297712,
      "is_done" : true,
      "media_type" : "TV",
      "canonical_id" : "umc.cmc.2d3vdzah1pj8cixqn1wuo6ujv",
      "canonical_show_id" : "umc.cmc.4nernxq22u93vwrjpt6kfk3m5",
      "whitelisted_headers" : [ {
        "key" : "model",
        "value" : "iPhone"
      }, {
        "key" : "x-apple-i-locale",
        "value" : "en_US"
      }, {
        "key" : "x-apple-tz",
        "value" : "-18000"
      }, {
        "key" : "xp_ab",
        "value" : "1#Zh4zkDd+-2+8GzqZhG1#WqjkRLH+-2+VorhBcD2#ZPJNBED+-2+uSRC9ab0#jTGaGZu+-2+PzQbcdy1"
      } ],
      "client_is_done" : true
    },
    "event_interpretation" : {
      "human_readable_media_description" : "Community (Episode Number: [6], Episode Title: [Analysis Of Cork-Based Networking], Season Number: [5])",
      "human_readable_timestamp" : "Sat Jun 06 20:57:02 PDT 2020",
      "human_readable_brand" : "Hulu"
    }
  }, {
    "stored_event" : {
      "bundle_id" : "com.hulu.plus",
      "brand_id" : "tvs.sbd.10000",
      "external_playable_id" : "f33c0a87-0438-4b0e-b8e7-31ede889411c",
      "external_show_id" : "203cda1b-7919-40fb-ab36-1e45b3ed2a50",
      "timestamp" : 1591416895607,
      "play_cursor_in_milliseconds" : 2742945,
      "media_length_in_milliseconds" : 2870870,
      "is_done" : true,
      "media_type" : "TV",
      "canonical_id" : "umc.cmc.j2mc1ndx22xwvmt33qma73ce",
      "canonical_show_id" : "umc.cmc.2zs573npbhr5fessb48q5zjfe",
      "whitelisted_headers" : [ {
        "key" : "model",
        "value" : "iPhone"
      }, {
        "key" : "x-apple-i-locale",
        "value" : "en_US"
      }, {
        "key" : "x-apple-tz",
        "value" : "-18000"
      }, {
        "key" : "xp_ab",
        "value" : "1#Zh4zkDd+-2+8GzqZhG1#WqjkRLH+-2+VorhBcD2#ZPJNBED+-2+uSRC9ab0#jTGaGZu+-2+PzQbcdy1"
      } ],
      "client_is_done" : true
    },
    "event_interpretation" : {
      "human_readable_media_description" : "Fargo (Episode Number: [7], Episode Title: [Who Shaves the Barber?], Season Number: [1])",
      "human_readable_timestamp" : "Fri Jun 05 21:14:55 PDT 2020",
      "human_readable_brand" : "Hulu"
    }
  }, {
    "stored_event" : {
      "bundle_id" : "com.hulu.plus",
      "brand_id" : "tvs.sbd.10000",
      "external_playable_id" : "abb06957-db88-4d39-bc89-6e7afa86bb90",
      "external_show_id" : "200c56d4-124c-41a1-b7d2-688f86f432bf",
      "timestamp" : 1591331516873,
      "play_cursor_in_milliseconds" : 1295754,
      "media_length_in_milliseconds" : 1295753,
      "is_done" : true,
      "media_type" : "TV",
      "canonical_id" : "umc.cmc.1frdpo6vuoj4fdctdejhvhhb9",
      "canonical_show_id" : "umc.cmc.4nernxq22u93vwrjpt6kfk3m5",
      "whitelisted_headers" : [ {
        "key" : "model",
        "value" : "iPhone"
      }, {
        "key" : "x-apple-i-locale",
        "value" : "en_US"
      }, {
        "key" : "x-apple-tz",
        "value" : "-18000"
      }, {
        "key" : "xp_ab",
        "value" : "1#Zh4zkDd+-2+8GzqZhG1#WqjkRLH+-2+VorhBcD2#ZPJNBED+-2+uSRC9ab0#jTGaGZu+-2+PzQbcdy1"
      } ],
      "client_is_done" : true
    },
    "event_interpretation" : {
      "human_readable_media_description" : "Community (Episode Number: [5], Episode Title: [Geothermal Escapism], Season Number: [5])",
      "human_readable_timestamp" : "Thu Jun 04 21:31:56 PDT 2020",
      "human_readable_brand" : "Hulu"
    }
  }, {
    "stored_event" : {
      "bundle_id" : "com.hulu.plus",
      "brand_id" : "tvs.sbd.10000",
      "external_playable_id" : "acc7278e-edec-4948-8c7b-bc53c94a0f86",
      "external_show_id" : "200c56d4-124c-41a1-b7d2-688f86f432bf",
      "timestamp" : 1591330379061,
      "play_cursor_in_milliseconds" : 2690,
      "media_length_in_milliseconds" : 1242741,
      "is_done" : false,
      "media_type" : "TV",
      "canonical_id" : "umc.cmc.4kbjhagwobzzd3xwk2buadof4",
      "canonical_show_id" : "umc.cmc.4nernxq22u93vwrjpt6kfk3m5",
      "whitelisted_headers" : [ {
        "key" : "model",
        "value" : "iPhone"
      }, {
        "key" : "x-apple-i-locale",
        "value" : "en_US"
      }, {
        "key" : "x-apple-tz",
        "value" : "-18000"
      }, {
        "key" : "xp_ab",
        "value" : "1#Zh4zkDd+-2+8GzqZhG1#WqjkRLH+-2+VorhBcD2#ZPJNBED+-2+uSRC9ab0#jTGaGZu+-2+PzQbcdy1"
      } ],
      "client_is_done" : false
    },
    "event_interpretation" : {
      "human_readable_media_description" : "Community (Episode Number: [4], Episode Title: [Cooperative Polygraphy], Season Number: [5])",
      "human_readable_timestamp" : "Thu Jun 04 21:12:59 PDT 2020",
      "human_readable_brand" : "Hulu"
    }
  }, {
    "stored_event" : {
      "bundle_id" : "com.hulu.plus",
      "brand_id" : "tvs.sbd.10000",
      "external_playable_id" : "ccffe42b-d157-4dc4-b71b-9733665800d0",
      "external_show_id" : "200c56d4-124c-41a1-b7d2-688f86f432bf",
      "timestamp" : 1591330374053,
      "play_cursor_in_milliseconds" : 1227974,
      "media_length_in_milliseconds" : 1291288,
      "is_done" : true,
      "media_type" : "TV",
      "canonical_id" : "umc.cmc.pu38c5lsbx5z1j5v36g0e2h9",
      "canonical_show_id" : "umc.cmc.4nernxq22u93vwrjpt6kfk3m5",
      "whitelisted_headers" : [ {
        "key" : "model",
        "value" : "iPhone"
      }, {
        "key" : "x-apple-i-locale",
        "value" : "en_US"
      }, {
        "key" : "x-apple-tz",
        "value" : "-18000"
      }, {
        "key" : "xp_ab",
        "value" : "1#Zh4zkDd+-2+8GzqZhG1#WqjkRLH+-2+VorhBcD2#ZPJNBED+-2+uSRC9ab0#jTGaGZu+-2+PzQbcdy1"
      } ],
      "client_is_done" : true
    },
    "event_interpretation" : {
      "human_readable_media_description" : "Community (Episode Number: [3], Episode Title: [Basic Intergluteal Numismatics], Season Number: [5])",
      "human_readable_timestamp" : "Thu Jun 04 21:12:54 PDT 2020",
      "human_readable_brand" : "Hulu"
    }
  }, {
    "stored_event" : {
      "bundle_id" : "com.hulu.plus",
      "brand_id" : "tvs.sbd.10000",
      "external_playable_id" : "5fb8c422-05f5-4f5e-a82e-cf759c45c24c",
      "external_show_id" : "200c56d4-124c-41a1-b7d2-688f86f432bf",
      "timestamp" : 1590898451729,
      "play_cursor_in_milliseconds" : 114241,
      "media_length_in_milliseconds" : 1311852,
      "is_done" : false,
      "media_type" : "TV",
      "canonical_id" : "umc.cmc.17ujzxin13kny1mpr46buvc0y",
      "canonical_show_id" : "umc.cmc.4nernxq22u93vwrjpt6kfk3m5",
      "whitelisted_headers" : [ {
        "key" : "model",
        "value" : "iPhone"
      }, {
        "key" : "x-apple-i-locale",
        "value" : "en_US"
      }, {
        "key" : "x-apple-tz",
        "value" : "-18000"
      }, {
        "key" : "xp_ab",
        "value" : "1#Zh4zkDd+-2+8GzqZhG1#WqjkRLH+-2+VorhBcD2#ZPJNBED+-2+uSRC9ab0#HnW1xce+-2+TPSbvBm1"
      } ],
      "client_is_done" : false
    },
    "event_interpretation" : {
      "human_readable_media_description" : "Community (Episode Number: [1], Episode Title: [History 101], Season Number: [4])",
      "human_readable_timestamp" : "Sat May 30 21:14:11 PDT 2020",
      "human_readable_brand" : "Hulu"
    }
  }, {
    "stored_event" : {
      "bundle_id" : "com.hulu.plus",
      "brand_id" : "tvs.sbd.10000",
      "external_playable_id" : "27136f35-8342-4c86-8011-d2dbc4ba972a",
      "external_show_id" : "0b10c46a-12f0-4357-8a00-547057b49bac",
      "timestamp" : 1590896882320,
      "play_cursor_in_milliseconds" : 1264000,
      "media_length_in_milliseconds" : 1300000,
      "is_done" : true,
      "media_type" : "TV",
      "canonical_id" : "umc.cmc.6wl9qcf6sznxdrgth89j5nrwg",
      "canonical_show_id" : "umc.cmc.2bss05wnkfezkywhivjc7ikml",
      "whitelisted_headers" : [ {
        "key" : "model",
        "value" : "iPhone"
      }, {
        "key" : "x-apple-i-locale",
        "value" : "en_US"
      }, {
        "key" : "x-apple-tz",
        "value" : "-18000"
      }, {
        "key" : "xp_ab",
        "value" : "1#Zh4zkDd+-2+8GzqZhG1#WqjkRLH+-2+VorhBcD2#ZPJNBED+-2+uSRC9ab0#HnW1xce+-2+TPSbvBm1"
      } ],
      "client_is_done" : true
    },
    "event_interpretation" : {
      "human_readable_media_description" : "What We Do in the Shadows (Episode Number: [5], Episode Title: [Animal Control], Season Number: [1])",
      "human_readable_timestamp" : "Sat May 30 20:48:02 PDT 2020",
      "human_readable_brand" : "Hulu"
    }
  }, {
    "stored_event" : {
      "bundle_id" : "com.hulu.plus",
      "brand_id" : "tvs.sbd.10000",
      "external_playable_id" : "f8df24a6-3fd9-4cbf-a1ee-929283cb5f88",
      "external_show_id" : "203cda1b-7919-40fb-ab36-1e45b3ed2a50",
      "timestamp" : 1590719605573,
      "play_cursor_in_milliseconds" : 1280810,
      "media_length_in_milliseconds" : 3193814,
      "is_done" : false,
      "media_type" : "TV",
      "canonical_id" : "umc.cmc.6h56qrobbu5uxy2nto6z2sw23",
      "canonical_show_id" : "umc.cmc.2zs573npbhr5fessb48q5zjfe",
      "whitelisted_headers" : [ {
        "key" : "model",
        "value" : "iPhone"
      }, {
        "key" : "x-apple-i-locale",
        "value" : "en_US"
      }, {
        "key" : "x-apple-tz",
        "value" : "-18000"
      }, {
        "key" : "xp_ab",
        "value" : "1#Zh4zkDd+-2+8GzqZhG1#WqjkRLH+-2+VorhBcD2#ZPJNBED+-2+uSRC9ab0#HnW1xce+-2+TPSbvBm1"
      } ],
      "client_is_done" : false
    },
    "event_interpretation" : {
      "human_readable_media_description" : "Fargo (Episode Number: [6], Episode Title: [Buridan's Ass], Season Number: [1])",
      "human_readable_timestamp" : "Thu May 28 19:33:25 PDT 2020",
      "human_readable_brand" : "Hulu"
    }
  }, {
    "stored_event" : {
      "bundle_id" : "com.hulu.plus",
      "brand_id" : "tvs.sbd.10000",
      "external_playable_id" : "88017324-54a0-468c-abf9-6806571f1a28",
      "external_show_id" : "203cda1b-7919-40fb-ab36-1e45b3ed2a50",
      "timestamp" : 1590625270737,
      "play_cursor_in_milliseconds" : 122880,
      "media_length_in_milliseconds" : 3046168,
      "is_done" : false,
      "media_type" : "TV",
      "canonical_id" : "umc.cmc.5gnz5h2fbxv2zuz7z0dsz5gs8",
      "canonical_show_id" : "umc.cmc.2zs573npbhr5fessb48q5zjfe",
      "whitelisted_headers" : [ {
        "key" : "model",
        "value" : "iPhone"
      }, {
        "key" : "x-apple-i-locale",
        "value" : "en_US"
      }, {
        "key" : "x-apple-tz",
        "value" : "-18000"
      }, {
        "key" : "xp_ab",
        "value" : "1#WqjkRLH+-2+VorhBcD2#ZPJNBED+-2+uSRC9ab0#HnW1xce+-2+TPSbvBm1"
      } ],
      "client_is_done" : false
    },
    "event_interpretation" : {
      "human_readable_media_description" : "Fargo (Episode Number: [5], Episode Title: [The Six Ungraspables], Season Number: [1])",
      "human_readable_timestamp" : "Wed May 27 17:21:10 PDT 2020",
      "human_readable_brand" : "Hulu"
    }
  }, {
    "stored_event" : {
      "bundle_id" : "com.hulu.plus",
      "brand_id" : "tvs.sbd.10000",
      "external_playable_id" : "e592b617-01c1-4fdb-a028-2b8eae6195c3",
      "external_show_id" : "203cda1b-7919-40fb-ab36-1e45b3ed2a50",
      "timestamp" : 1590624796784,
      "play_cursor_in_milliseconds" : 0,
      "media_length_in_milliseconds" : 2998000,
      "is_done" : false,
      "media_type" : "TV",
      "canonical_id" : "umc.cmc.6ua2u9a6totf33fbvmrf5p4u1",
      "canonical_show_id" : "umc.cmc.2zs573npbhr5fessb48q5zjfe",
      "whitelisted_headers" : [ {
        "key" : "model",
        "value" : "iPhone"
      }, {
        "key" : "x-apple-i-locale",
        "value" : "en_US"
      }, {
        "key" : "x-apple-tz",
        "value" : "-18000"
      }, {
        "key" : "xp_ab",
        "value" : "1#WqjkRLH+-2+VorhBcD2#ZPJNBED+-2+uSRC9ab0#HnW1xce+-2+TPSbvBm1"
      } ],
      "client_is_done" : false
    },
    "event_interpretation" : {
      "human_readable_media_description" : "Fargo (Episode Number: [4], Episode Title: [Eating the Blame], Season Number: [1])",
      "human_readable_timestamp" : "Wed May 27 17:13:16 PDT 2020",
      "human_readable_brand" : "Hulu"
    }
  }, {
    "stored_event" : {
      "bundle_id" : "com.hulu.plus",
      "brand_id" : "tvs.sbd.10000",
      "external_playable_id" : "73f4e768-501b-4f37-8dfe-20634205d90e",
      "external_show_id" : "203cda1b-7919-40fb-ab36-1e45b3ed2a50",
      "timestamp" : 1590454430065,
      "play_cursor_in_milliseconds" : 0,
      "media_length_in_milliseconds" : 2991030,
      "is_done" : false,
      "media_type" : "TV",
      "canonical_id" : "umc.cmc.3rlpfppk6c0sejbolk34lpyy8",
      "canonical_show_id" : "umc.cmc.2zs573npbhr5fessb48q5zjfe",
      "whitelisted_headers" : [ {
        "key" : "model",
        "value" : "iPhone"
      }, {
        "key" : "x-apple-i-locale",
        "value" : "en_US"
      }, {
        "key" : "x-apple-tz",
        "value" : "-18000"
      }, {
        "key" : "xp_ab",
        "value" : "1#938KWHe+-2+efFjpWP0#WqjkRLH+-2+VorhBcD2#HnW1xce+-2+TPSbvBm1#jTGaGZu+-2+iTFzaZp1"
      } ],
      "client_is_done" : false
    },
    "event_interpretation" : {
      "human_readable_media_description" : "Fargo (Episode Number: [3], Episode Title: [A Muddy Road], Season Number: [1])",
      "human_readable_timestamp" : "Mon May 25 17:53:50 PDT 2020",
      "human_readable_brand" : "Hulu"
    }
  }, {
    "stored_event" : {
      "bundle_id" : "com.hulu.plus",
      "brand_id" : "tvs.sbd.10000",
      "external_playable_id" : "8d270a68-bb56-4c22-86d8-41f3c76e72ef",
      "external_show_id" : "203cda1b-7919-40fb-ab36-1e45b3ed2a50",
      "timestamp" : 1590421940534,
      "play_cursor_in_milliseconds" : 2947188,
      "media_length_in_milliseconds" : 3081953,
      "is_done" : true,
      "media_type" : "TV",
      "canonical_id" : "umc.cmc.5jm9oj20z7s8tuqgc45inbz2s",
      "canonical_show_id" : "umc.cmc.2zs573npbhr5fessb48q5zjfe",
      "whitelisted_headers" : [ {
        "key" : "model",
        "value" : "iPhone"
      }, {
        "key" : "x-apple-i-locale",
        "value" : "en_US"
      }, {
        "key" : "x-apple-tz",
        "value" : "-18000"
      }, {
        "key" : "xp_ab",
        "value" : "1#938KWHe+-2+efFjpWP0#WqjkRLH+-2+VorhBcD2#HnW1xce+-2+TPSbvBm1#jTGaGZu+-2+iTFzaZp1"
      } ],
      "client_is_done" : true
    },
    "event_interpretation" : {
      "human_readable_media_description" : "Fargo (Episode Number: [2], Episode Title: [The Rooster Prince], Season Number: [1])",
      "human_readable_timestamp" : "Mon May 25 08:52:20 PDT 2020",
      "human_readable_brand" : "Hulu"
    }
  }, {
    "stored_event" : {
      "bundle_id" : "com.hulu.plus",
      "brand_id" : "tvs.sbd.10000",
      "external_playable_id" : "7043d0b8-3dc6-41f4-8edb-8f1a1eb466a1",
      "external_show_id" : "203cda1b-7919-40fb-ab36-1e45b3ed2a50",
      "timestamp" : 1590418351488,
      "play_cursor_in_milliseconds" : 0,
      "media_length_in_milliseconds" : 4191729,
      "is_done" : false,
      "media_type" : "TV",
      "canonical_id" : "umc.cmc.e452affrlc25r9sl0m0m3yiw",
      "canonical_show_id" : "umc.cmc.2zs573npbhr5fessb48q5zjfe",
      "whitelisted_headers" : [ {
        "key" : "model",
        "value" : "iPhone"
      }, {
        "key" : "x-apple-i-locale",
        "value" : "en_US"
      }, {
        "key" : "x-apple-tz",
        "value" : "-18000"
      }, {
        "key" : "xp_ab",
        "value" : "1#938KWHe+-2+efFjpWP0#WqjkRLH+-2+VorhBcD2#HnW1xce+-2+TPSbvBm1#jTGaGZu+-2+iTFzaZp1"
      } ],
      "client_is_done" : false
    },
    "event_interpretation" : {
      "human_readable_media_description" : "Fargo (Episode Number: [1], Episode Title: [The Crocodile's Dilemma], Season Number: [1])",
      "human_readable_timestamp" : "Mon May 25 07:52:31 PDT 2020",
      "human_readable_brand" : "Hulu"
    }
  }, {
    "stored_event" : {
      "bundle_id" : "com.apple.TVWatchList",
      "brand_id" : "tvs.sbd.4000",
      "external_playable_id" : "VHRQT0560111",
      "external_show_id" : "VHRQT0560000",
      "timestamp" : 1590201448790,
      "play_cursor_in_milliseconds" : 780000,
      "media_length_in_milliseconds" : 1500000,
      "is_done" : false,
      "media_type" : "TV",
      "canonical_id" : "umc.cmc.2mpi140x3j70r8wg9ro1cdv11",
      "canonical_show_id" : "umc.cmc.1nfdfd5zlk05fo1bwwetzldy3",
      "whitelisted_headers" : [ {
        "key" : "model",
        "value" : "web"
      }, {
        "key" : "xp_ab",
        "value" : "1#WqjkRLH+-2+VorhBcD3"
      } ],
      "client_is_done" : false
    },
    "event_interpretation" : {
      "human_readable_media_description" : "Mythic Quest: Raven's Banquet (Episode Number: [10], Episode Title: [Quarantine], Season Number: [1])",
      "human_readable_timestamp" : "Fri May 22 19:37:28 PDT 2020",
      "human_readable_brand" : "tvs.sbd.4000"
    }
  }, {
    "stored_event" : {
      "bundle_id" : "com.apple.tv",
      "brand_id" : "tvs.sbd.4000",
      "external_playable_id" : "VMSHO0560101",
      "external_show_id" : "VMSHO0560000",
      "timestamp" : 1584844132288,
      "play_cursor_in_milliseconds" : 609142,
      "media_length_in_milliseconds" : 3979058,
      "is_done" : false,
      "media_type" : "TV",
      "canonical_id" : "umc.cmc.1rat4b7sugk86431sdqrsb64q",
      "canonical_show_id" : "umc.cmc.25tn3v8ku4b39tr6ccgb8nl6m",
      "whitelisted_headers" : [ {
        "key" : "model",
        "value" : "iPhone"
      }, {
        "key" : "x-apple-i-locale",
        "value" : "en_US"
      }, {
        "key" : "x-apple-tz",
        "value" : "-18000"
      }, {
        "key" : "xp_ab",
        "value" : "1#NyCxKBD+-2+lyJm2Vc1#WqjkRLH+-2+A7h2ykc2#ZPJNBED+-2+jXzCLpS0#d5VBr6w+-2+Xz5g_ei0#wpmujvA+-2+k1tloGJ2#isj11bm+-2+Pn73mKD1#heSsQEn+-2+B1KYimK0#yNFpB6B+-2+r8ZqP2G1"
      } ]
    },
    "event_interpretation" : {
      "human_readable_media_description" : "The Morning Show (Episode Number: [1], Episode Title: [In the Dark Night of the Soul It’s Always 3:30 in the Morning], Season Number: [1])",
      "human_readable_timestamp" : "Sat Mar 21 19:28:52 PDT 2020",
      "human_readable_brand" : "tvs.sbd.4000"
    }
  }, {
    "stored_event" : {
      "bundle_id" : "com.apple.tv",
      "brand_id" : "tvs.sbd.4000",
      "external_playable_id" : "VHRQT0560110",
      "external_show_id" : "VHRQT0560000",
      "timestamp" : 1582669831346,
      "play_cursor_in_milliseconds" : 1810764,
      "media_length_in_milliseconds" : 1811935,
      "is_done" : true,
      "media_type" : "TV",
      "canonical_id" : "umc.cmc.3fs27h5xvxupmylt4h50zickr",
      "canonical_show_id" : "umc.cmc.1nfdfd5zlk05fo1bwwetzldy3",
      "whitelisted_headers" : [ {
        "key" : "model",
        "value" : "iPhone"
      }, {
        "key" : "x-apple-i-locale",
        "value" : "en_US"
      }, {
        "key" : "x-apple-tz",
        "value" : "-21600"
      }, {
        "key" : "xp_ab",
        "value" : "1#tBc9hUt+-2+UsixauM1#938KWHe+-2+zu8fhVS1#ZPJNBED+-2+79R0zT_2#d5VBr6w+-2+Xz5g_ei4#HnW1xce+-2+fclSaDk2#wpmujvA+-2+k1tloGJ2#isj11bm+-2+4ZSG9vM1"
      } ]
    },
    "event_interpretation" : {
      "human_readable_media_description" : "Mythic Quest: Raven's Banquet (Episode Number: [9], Episode Title: [Blood Ocean], Season Number: [1])",
      "human_readable_timestamp" : "Tue Feb 25 14:30:31 PST 2020",
      "human_readable_brand" : "tvs.sbd.4000"
    }
  }, {
    "stored_event" : {
      "bundle_id" : "com.apple.tv",
      "brand_id" : "tvs.sbd.4000",
      "external_playable_id" : "VHRQT0560109",
      "external_show_id" : "VHRQT0560000",
      "timestamp" : 1582668068241,
      "play_cursor_in_milliseconds" : 1832290,
      "media_length_in_milliseconds" : 1899564,
      "is_done" : true,
      "media_type" : "TV",
      "canonical_id" : "umc.cmc.2yj3ln6jbih2t3dr689xuslnh",
      "canonical_show_id" : "umc.cmc.1nfdfd5zlk05fo1bwwetzldy3",
      "whitelisted_headers" : [ {
        "key" : "model",
        "value" : "iPhone"
      }, {
        "key" : "x-apple-i-locale",
        "value" : "en_US"
      }, {
        "key" : "x-apple-tz",
        "value" : "-21600"
      }, {
        "key" : "xp_ab",
        "value" : "1#tBc9hUt+-2+UsixauM1#938KWHe+-2+zu8fhVS1#ZPJNBED+-2+79R0zT_2#d5VBr6w+-2+Xz5g_ei4#HnW1xce+-2+fclSaDk2#wpmujvA+-2+k1tloGJ2#isj11bm+-2+4ZSG9vM1"
      } ]
    },
    "event_interpretation" : {
      "human_readable_media_description" : "Mythic Quest: Raven's Banquet (Episode Number: [8], Episode Title: [Brendan], Season Number: [1])",
      "human_readable_timestamp" : "Tue Feb 25 14:01:08 PST 2020",
      "human_readable_brand" : "tvs.sbd.4000"
    }
  }, {
    "stored_event" : {
      "bundle_id" : "com.apple.TVWatchList",
      "brand_id" : "tvs.sbd.4000",
      "external_playable_id" : "VHRQT0560108",
      "external_show_id" : "VHRQT0560000",
      "timestamp" : 1582603288688,
      "play_cursor_in_milliseconds" : 1815000,
      "media_length_in_milliseconds" : 1740000,
      "is_done" : true,
      "media_type" : "TV",
      "canonical_id" : "umc.cmc.6025meprcydb4dwfmfyiilhqf",
      "canonical_show_id" : "umc.cmc.1nfdfd5zlk05fo1bwwetzldy3"
    },
    "event_interpretation" : {
      "human_readable_media_description" : "Mythic Quest: Raven's Banquet (Episode Number: [7], Episode Title: [Permadeath], Season Number: [1])",
      "human_readable_timestamp" : "Mon Feb 24 20:01:28 PST 2020",
      "human_readable_brand" : "tvs.sbd.4000"
    }
  }, {
    "stored_event" : {
      "bundle_id" : "com.apple.TVWatchList",
      "brand_id" : "tvs.sbd.4000",
      "external_playable_id" : "VHRQT0560106",
      "external_show_id" : "VHRQT0560000",
      "timestamp" : 1582601418243,
      "play_cursor_in_milliseconds" : 1704000,
      "media_length_in_milliseconds" : 1560000,
      "is_done" : true,
      "media_type" : "TV",
      "canonical_id" : "umc.cmc.3g1mczg6brq5iifcrw6jyfzgh",
      "canonical_show_id" : "umc.cmc.1nfdfd5zlk05fo1bwwetzldy3"
    },
    "event_interpretation" : {
      "human_readable_media_description" : "Mythic Quest: Raven's Banquet (Episode Number: [6], Episode Title: [Non-Player Character], Season Number: [1])",
      "human_readable_timestamp" : "Mon Feb 24 19:30:18 PST 2020",
      "human_readable_brand" : "tvs.sbd.4000"
    }
  }, {
    "stored_event" : {
      "bundle_id" : "com.apple.tv",
      "brand_id" : "tvs.sbd.4000",
      "external_playable_id" : "VHRQT0560105",
      "external_show_id" : "VHRQT0560000",
      "timestamp" : 1582217665883,
      "play_cursor_in_milliseconds" : 2077761,
      "media_length_in_milliseconds" : 2235870,
      "is_done" : true,
      "media_type" : "TV",
      "canonical_id" : "umc.cmc.1lq91xrf07nyf61iezzgchyct",
      "canonical_show_id" : "umc.cmc.1nfdfd5zlk05fo1bwwetzldy3",
      "whitelisted_headers" : [ {
        "key" : "model",
        "value" : "iPhone"
      }, {
        "key" : "x-apple-i-locale",
        "value" : "en_US"
      }, {
        "key" : "x-apple-tz",
        "value" : "-25200"
      }, {
        "key" : "xp_ab",
        "value" : "1#tBc9hUt+-2+UsixauM1#938KWHe+-2+zu8fhVS1#Zh4zkDd+-2+JX12HwB1#WqjkRLH+-2+wCvpP5J1#ZPJNBED+-2+79R0zT_2#d5VBr6w+-2+Xz5g_ei4#HnW1xce+-2+fclSaDk2#wpmujvA+-2+k1tloGJ2#isj11bm+-2+go4p9HT0"
      } ]
    },
    "event_interpretation" : {
      "human_readable_media_description" : "Mythic Quest: Raven's Banquet (Episode Number: [5], Episode Title: [A Dark Quiet Death], Season Number: [1])",
      "human_readable_timestamp" : "Thu Feb 20 08:54:25 PST 2020",
      "human_readable_brand" : "tvs.sbd.4000"
    }
  }, {
    "stored_event" : {
      "bundle_id" : "com.apple.quad",
      "brand_id" : "tvs.sbd.4000",
      "external_playable_id" : "VHRQT0560102",
      "external_show_id" : "VHRQT0560000",
      "timestamp" : 1582160697771,
      "play_cursor_in_milliseconds" : 1387260,
      "media_length_in_milliseconds" : 1548000,
      "is_done" : true,
      "media_type" : "TV",
      "canonical_id" : "umc.cmc.4ek3eeyisf437xvt2abjqkix3",
      "canonical_show_id" : "umc.cmc.1nfdfd5zlk05fo1bwwetzldy3"
    },
    "event_interpretation" : {
      "human_readable_media_description" : "Mythic Quest: Raven's Banquet (Episode Number: [3], Episode Title: [Dinner Party], Season Number: [1])",
      "human_readable_timestamp" : "Wed Feb 19 17:04:57 PST 2020",
      "human_readable_brand" : "tvs.sbd.4000"
    }
  }, {
    "stored_event" : {
      "bundle_id" : "com.apple.quad",
      "brand_id" : "tvs.sbd.4000",
      "external_playable_id" : "VHRQT0560103",
      "external_show_id" : "VHRQT0560000",
      "timestamp" : 1582156712560,
      "play_cursor_in_milliseconds" : 1388512,
      "media_length_in_milliseconds" : 1557000,
      "is_done" : true,
      "media_type" : "TV",
      "canonical_id" : "umc.cmc.2eeao9s8l4c8i6c3ly5dj0h86",
      "canonical_show_id" : "umc.cmc.1nfdfd5zlk05fo1bwwetzldy3"
    },
    "event_interpretation" : {
      "human_readable_media_description" : "Mythic Quest: Raven's Banquet (Episode Number: [2], Episode Title: [The Casino], Season Number: [1])",
      "human_readable_timestamp" : "Wed Feb 19 15:58:32 PST 2020",
      "human_readable_brand" : "tvs.sbd.4000"
    }
  }, {
    "stored_event" : {
      "bundle_id" : "com.apple.quad",
      "brand_id" : "tvs.sbd.4000",
      "external_playable_id" : "VHRQT0560101",
      "external_show_id" : "VHRQT0560000",
      "timestamp" : 1582155317867,
      "play_cursor_in_milliseconds" : 1659491,
      "media_length_in_milliseconds" : 1816000,
      "is_done" : true,
      "media_type" : "TV",
      "canonical_id" : "umc.cmc.4nophqr1ztliqnbyeh0i7nnn2",
      "canonical_show_id" : "umc.cmc.1nfdfd5zlk05fo1bwwetzldy3"
    },
    "event_interpretation" : {
      "human_readable_media_description" : "Mythic Quest: Raven's Banquet (Episode Number: [1], Episode Title: [Pilot], Season Number: [1])",
      "human_readable_timestamp" : "Wed Feb 19 15:35:17 PST 2020",
      "human_readable_brand" : "tvs.sbd.4000"
    }
  }, {
    "stored_event" : {
      "bundle_id" : "com.hulu.plus",
      "brand_id" : "tvs.sbd.10000",
      "external_playable_id" : "asset_61428435",
      "external_show_id" : "series_50026580",
      "timestamp" : 1569815253525,
      "play_cursor_in_milliseconds" : 1265920,
      "media_length_in_milliseconds" : 1367408,
      "is_done" : true,
      "media_type" : "TV",
      "canonical_id" : "umc.cmc.27zrh7yanfb4b3t4jc5l75b6j",
      "canonical_show_id" : "umc.cmc.361pp6dpt0jsmj9sxywuiw665",
      "whitelisted_headers" : [ {
        "key" : "x-apple-i-locale",
        "value" : "en_US"
      }, {
        "key" : "x-apple-tz",
        "value" : "-18000"
      }, {
        "key" : "xp_ab",
        "value" : "1#NyCxKBD+-2+YVJKRtK0#WqjkRLH+-2+mHRkhIY2#Zh4zkDd+-2+SoI1_YU2"
      } ]
    },
    "event_interpretation" : {
      "human_readable_media_description" : "The Good Place (Episode Number: [1], Episode Title: [A Girl From Arizona], Season Number: [4])",
      "human_readable_timestamp" : "Sun Sep 29 20:47:33 PDT 2019",
      "human_readable_brand" : "Hulu"
    }
  }, {
    "stored_event" : {
      "bundle_id" : "com.hulu.plus",
      "brand_id" : "tvs.sbd.10000",
      "external_playable_id" : "asset_60806134",
      "external_show_id" : "series_50001677",
      "timestamp" : 1560813486566,
      "play_cursor_in_milliseconds" : 424722,
      "media_length_in_milliseconds" : 1292000,
      "is_done" : false,
      "media_type" : "TV",
      "canonical_id" : "umc.cmc.5vq2fdmn8z6qhpbzf3jcidbtj",
      "canonical_show_id" : "umc.cmc.3olbaqod91ep5l0xrqhtmiz0q",
      "whitelisted_headers" : [ {
        "key" : "x-apple-i-locale",
        "value" : "en_US"
      }, {
        "key" : "x-apple-tz",
        "value" : "-14400"
      }, {
        "key" : "xp_ab",
        "value" : "1#NyCxKBD+1803+qnaQUdu3#jTGaGZu+3796+eCM2Uiy1"
      } ]
    },
    "event_interpretation" : {
      "human_readable_media_description" : "Bob's Burgers (Episode Number: [5], Episode Title: [Large Brother, Where Fart Thou?], Season Number: [7])",
      "human_readable_timestamp" : "Mon Jun 17 16:18:06 PDT 2019",
      "human_readable_brand" : "Hulu"
    }
  }, {
    "stored_event" : {
      "bundle_id" : "com.hulu.plus",
      "brand_id" : "tvs.sbd.10000",
      "external_playable_id" : "asset_60806133",
      "external_show_id" : "series_50001677",
      "timestamp" : 1560811666834,
      "play_cursor_in_milliseconds" : 2582,
      "media_length_in_milliseconds" : 1297962,
      "is_done" : false,
      "media_type" : "TV",
      "canonical_id" : "umc.cmc.1ajpk42403cenqzirp4sy1wjd",
      "canonical_show_id" : "umc.cmc.3olbaqod91ep5l0xrqhtmiz0q",
      "whitelisted_headers" : [ {
        "key" : "x-apple-i-locale",
        "value" : "en_US"
      }, {
        "key" : "x-apple-tz",
        "value" : "-14400"
      }, {
        "key" : "xp_ab",
        "value" : "1#NyCxKBD+1803+qnaQUdu3#jTGaGZu+3796+eCM2Uiy1"
      } ]
    },
    "event_interpretation" : {
      "human_readable_media_description" : "Bob's Burgers (Episode Number: [6], Episode Title: [The Quirkducers], Season Number: [7])",
      "human_readable_timestamp" : "Mon Jun 17 15:47:46 PDT 2019",
      "human_readable_brand" : "Hulu"
    }
  }, {
    "stored_event" : {
      "bundle_id" : "com.hulu.plus",
      "brand_id" : "tvs.sbd.10000",
      "external_playable_id" : "asset_60055046",
      "external_show_id" : "series_12316",
      "timestamp" : 1560738085132,
      "play_cursor_in_milliseconds" : 1275200,
      "media_length_in_milliseconds" : 1286000,
      "is_done" : true,
      "media_type" : "TV",
      "canonical_id" : "umc.cmc.38igsks2c4qyn6xyyhyywdlbe",
      "canonical_show_id" : "umc.cmc.4nernxq22u93vwrjpt6kfk3m5",
      "whitelisted_headers" : [ {
        "key" : "x-apple-i-locale",
        "value" : "en_US"
      }, {
        "key" : "x-apple-tz",
        "value" : "-18000"
      }, {
        "key" : "xp_ab",
        "value" : "1#NyCxKBD+1803+qnaQUdu3#jTGaGZu+3796+eCM2Uiy1"
      } ]
    },
    "event_interpretation" : {
      "human_readable_media_description" : "Community (Episode Number: [13], Episode Title: [Digital Exploration Of Interior Design], Season Number: [3])",
      "human_readable_timestamp" : "Sun Jun 16 19:21:25 PDT 2019",
      "human_readable_brand" : "Hulu"
    }
  }, {
    "stored_event" : {
      "bundle_id" : "com.hulu.plus",
      "brand_id" : "tvs.sbd.10000",
      "external_playable_id" : "asset_60276785",
      "external_show_id" : "series_50012945",
      "timestamp" : 1560201678694,
      "play_cursor_in_milliseconds" : 0,
      "media_length_in_milliseconds" : 1294336,
      "is_done" : false,
      "media_type" : "TV",
      "canonical_id" : "umc.cmc.755mnw6cljwxbfolnumjfngh0",
      "canonical_show_id" : "umc.cmc.1azj5ufryevq23g8et1xj11o9",
      "whitelisted_headers" : [ {
        "key" : "x-apple-i-locale",
        "value" : "en_US"
      }, {
        "key" : "x-apple-tz",
        "value" : "-14400"
      } ]
    },
    "event_interpretation" : {
      "human_readable_media_description" : "The Goldbergs (Episode Number: [3], Episode Title: [Mini Murray], Season Number: [1])",
      "human_readable_timestamp" : "Mon Jun 10 14:21:18 PDT 2019",
      "human_readable_brand" : "Hulu"
    }
  }, {
    "stored_event" : {
      "bundle_id" : "com.hulu.plus",
      "brand_id" : "tvs.sbd.10000",
      "external_playable_id" : "asset_50172060",
      "external_show_id" : "series_12316",
      "timestamp" : 1559867936906,
      "play_cursor_in_milliseconds" : 721345,
      "media_length_in_milliseconds" : 1292331,
      "is_done" : false,
      "media_type" : "TV",
      "canonical_id" : "umc.cmc.7db7jf8kmml1wtxm6iim0zrf5",
      "canonical_show_id" : "umc.cmc.4nernxq22u93vwrjpt6kfk3m5",
      "whitelisted_headers" : [ {
        "key" : "x-apple-i-locale",
        "value" : "en_US"
      }, {
        "key" : "x-apple-tz",
        "value" : "-14400"
      }, {
        "key" : "xp_ab",
        "value" : "1#ZPJNBED+4663+Chqg3Xn1"
      } ]
    },
    "event_interpretation" : {
      "human_readable_media_description" : "Community (Episode Number: [3], Episode Title: [Competitive Ecology], Season Number: [3])",
      "human_readable_timestamp" : "Thu Jun 06 17:38:56 PDT 2019",
      "human_readable_brand" : "Hulu"
    }
  }, {
    "stored_event" : {
      "bundle_id" : "com.hulu.plus",
      "brand_id" : "tvs.sbd.10000",
      "external_playable_id" : "asset_50172015",
      "external_show_id" : "series_12316",
      "timestamp" : 1559867927732,
      "play_cursor_in_milliseconds" : 726681,
      "media_length_in_milliseconds" : 1282000,
      "is_done" : false,
      "media_type" : "TV",
      "canonical_id" : "umc.cmc.2ylz4pzflkbft6gz5hs99tpcc",
      "canonical_show_id" : "umc.cmc.4nernxq22u93vwrjpt6kfk3m5",
      "whitelisted_headers" : [ {
        "key" : "x-apple-i-locale",
        "value" : "en_US"
      }, {
        "key" : "x-apple-tz",
        "value" : "-14400"
      }, {
        "key" : "xp_ab",
        "value" : "1#ZPJNBED+4663+Chqg3Xn1"
      } ]
    },
    "event_interpretation" : {
      "human_readable_media_description" : "Community (Episode Number: [2], Episode Title: [Geography of Global Conflict], Season Number: [3])",
      "human_readable_timestamp" : "Thu Jun 06 17:38:47 PDT 2019",
      "human_readable_brand" : "Hulu"
    }
  }, {
    "stored_event" : {
      "bundle_id" : "com.hulu.plus",
      "brand_id" : "tvs.sbd.10000",
      "external_playable_id" : "asset_60794857",
      "external_show_id" : "series_50001677",
      "timestamp" : 1559517176463,
      "play_cursor_in_milliseconds" : 894264,
      "media_length_in_milliseconds" : 1294000,
      "is_done" : false,
      "media_type" : "TV",
      "canonical_id" : "umc.cmc.6xjwa49a959bv62h9xvpqu8ws",
      "canonical_show_id" : "umc.cmc.3olbaqod91ep5l0xrqhtmiz0q",
      "whitelisted_headers" : [ {
        "key" : "x-apple-i-locale",
        "value" : "en_US"
      }, {
        "key" : "x-apple-tz",
        "value" : "-14400"
      }, {
        "key" : "xp_ab",
        "value" : "1#NyCxKBD+1803+qnaQUdu3#ZPJNBED+4663+Chqg3Xn1#isj11bm+3149+Ntj4zgB0"
      } ]
    },
    "event_interpretation" : {
      "human_readable_media_description" : "Bob's Burgers (Episode Number: [3], Episode Title: [Teen-A-Witch], Season Number: [7])",
      "human_readable_timestamp" : "Sun Jun 02 16:12:56 PDT 2019",
      "human_readable_brand" : "Hulu"
    }
  }, {
    "stored_event" : {
      "bundle_id" : "com.hbo.hbogo",
      "brand_id" : "tvs.sbd.9002",
      "external_playable_id" : "urn:hbo:episode:GW04UvASK-sPDDgEAAAB2",
      "external_show_id" : "urn:hbo:series:GVU2sBQYRs1FvjSoJAU-b",
      "timestamp" : 1538344684085,
      "play_cursor_in_milliseconds" : 722201,
      "media_length_in_milliseconds" : 1867000,
      "is_done" : false,
      "media_type" : "TV",
      "canonical_id" : "umc.cmc.4hkv6dni3nviocq4iderallwl",
      "canonical_show_id" : "umc.cmc.5iiuz3mf4u5ll73c6onmesi4p"
    },
    "event_interpretation" : {
      "human_readable_media_description" : "Ballers (Episode Number: [6], Episode Title: [No Small Talk], Season Number: [4])",
      "human_readable_timestamp" : "Sun Sep 30 14:58:04 PDT 2018",
      "human_readable_brand" : "HBO GO"
    }
  }, {
    "stored_event" : {
      "bundle_id" : "com.hbo.hbogo",
      "brand_id" : "tvs.sbd.9002",
      "external_playable_id" : "urn:hbo:episode:GVU4xkQfkQlFvjSoJAdu8",
      "external_show_id" : "urn:hbo:series:GVU2fLgkp0lFvjSoJAT_x",
      "timestamp" : 1538226369608,
      "play_cursor_in_milliseconds" : 0,
      "media_length_in_milliseconds" : 1702000,
      "is_done" : false,
      "media_type" : "TV",
      "canonical_id" : "umc.cmc.6lqrjl7vp39bsx09dfpjgjoo0",
      "canonical_show_id" : "umc.cmc.5ir3dmyl42miy9h2gxvz551ql"
    },
    "event_interpretation" : {
      "human_readable_media_description" : "Veep (Episode Number: [8], Episode Title: [Debate], Season Number: [3])",
      "human_readable_timestamp" : "Sat Sep 29 06:06:09 PDT 2018",
      "human_readable_brand" : "HBO GO"
    }
  }, {
    "stored_event" : {
      "bundle_id" : "com.hbo.hbogo",
      "brand_id" : "tvs.sbd.9002",
      "external_playable_id" : "urn:hbo:episode:GVU2f9Qa-GYNJjhsJAUAF",
      "external_show_id" : "urn:hbo:series:GVU2fLgkp0lFvjSoJAT_x",
      "timestamp" : 1536447804003,
      "play_cursor_in_milliseconds" : 0,
      "media_length_in_milliseconds" : 1695000,
      "is_done" : false,
      "media_type" : "TV",
      "canonical_id" : "umc.cmc.g2ea5a2xiilhjmdymcn1qq6r",
      "canonical_show_id" : "umc.cmc.5ir3dmyl42miy9h2gxvz551ql"
    },
    "event_interpretation" : {
      "human_readable_media_description" : "Veep (Episode Number: [4], Episode Title: [Clovis], Season Number: [3])",
      "human_readable_timestamp" : "Sat Sep 08 16:03:24 PDT 2018",
      "human_readable_brand" : "HBO GO"
    }
  }, {
    "stored_event" : {
      "bundle_id" : "com.hbo.hbogo",
      "brand_id" : "tvs.sbd.9002",
      "external_playable_id" : "urn:hbo:episode:GVU3FjwhT1oNJjhsJAWtG",
      "external_show_id" : "urn:hbo:series:GVU2fLgkp0lFvjSoJAT_x",
      "timestamp" : 1536409545336,
      "play_cursor_in_milliseconds" : 8600,
      "media_length_in_milliseconds" : 1693000,
      "is_done" : false,
      "media_type" : "TV",
      "canonical_id" : "umc.cmc.5kvutryoc6ep9v2jv4i7jf8pi",
      "canonical_show_id" : "umc.cmc.5ir3dmyl42miy9h2gxvz551ql"
    },
    "event_interpretation" : {
      "human_readable_media_description" : "Veep (Episode Number: [2], Episode Title: [The Choice], Season Number: [3])",
      "human_readable_timestamp" : "Sat Sep 08 05:25:45 PDT 2018",
      "human_readable_brand" : "HBO GO"
    }
  }, {
    "stored_event" : {
      "bundle_id" : "com.apple.iTunes",
      "brand_id" : "tvs.sbd.2000",
      "external_playable_id" : "1434775959",
      "external_show_id" : "1418203915",
      "timestamp" : 1536255743081,
      "play_cursor_in_milliseconds" : 0,
      "media_length_in_milliseconds" : 419000,
      "is_done" : false,
      "media_type" : "TV",
      "canonical_id" : "umc.cmc.5o81mdck1gwgju3r48axxmpa5",
      "canonical_show_id" : "umc.cmc.1thvnly2nuc32z6rwl2905d9n"
    },
    "event_interpretation" : {
      "human_readable_media_description" : "Up Next: Greta Van Fleet (Episode Number: [1], Episode Title: [Up Next: How We Became], Season Number: [1])",
      "human_readable_timestamp" : "Thu Sep 06 10:42:23 PDT 2018",
      "human_readable_brand" : "Apple Music"
    }
  }, {
    "stored_event" : {
      "bundle_id" : "com.hbo.hbogo",
      "brand_id" : "tvs.sbd.9002",
      "external_playable_id" : "urn:hbo:episode:GVU2xxQwad1FvjSoJAVX8",
      "external_show_id" : "urn:hbo:series:GVU2fLgkp0lFvjSoJAT_x",
      "timestamp" : 1533262109797,
      "play_cursor_in_milliseconds" : 1122301,
      "media_length_in_milliseconds" : 1665000,
      "is_done" : false,
      "media_type" : "TV",
      "canonical_id" : "umc.cmc.5182m2hd9dfcofg190m9qvm8s",
      "canonical_show_id" : "umc.cmc.5ir3dmyl42miy9h2gxvz551ql"
    },
    "event_interpretation" : {
      "human_readable_media_description" : "Veep (Episode Number: [1], Episode Title: [Some New Beginnings], Season Number: [3])",
      "human_readable_timestamp" : "Thu Aug 02 19:08:29 PDT 2018",
      "human_readable_brand" : "HBO GO"
    }
  }, {
    "stored_event" : {
      "bundle_id" : "com.hbo.hbogo",
      "brand_id" : "tvs.sbd.9002",
      "external_playable_id" : "urn:hbo:episode:GWIfGLQWVSAJ3MAEAAAIs",
      "external_show_id" : "urn:hbo:series:GWGwm2gpIf6mywwEAAACF",
      "timestamp" : 1532142760696,
      "play_cursor_in_milliseconds" : 101,
      "media_length_in_milliseconds" : 3283000,
      "is_done" : false,
      "media_type" : "TV",
      "canonical_id" : "umc.cmc.6anoqvrufeltkuoz8cvh6x5ya",
      "canonical_show_id" : "umc.cmc.5kua2qrt76zvlhbyfzwkfhdkv"
    },
    "event_interpretation" : {
      "human_readable_media_description" : "Big Little Lies (Episode Number: [3], Episode Title: [Living the Dream], Season Number: [1])",
      "human_readable_timestamp" : "Fri Jul 20 20:12:40 PDT 2018",
      "human_readable_brand" : "HBO GO"
    }
  }, {
    "stored_event" : {
      "bundle_id" : "com.hbo.hbogo",
      "brand_id" : "tvs.sbd.9002",
      "external_playable_id" : "urn:hbo:episode:GVU3oXgiKjo7DwvwIAZRw",
      "external_show_id" : "urn:hbo:series:GVU2fLgkp0lFvjSoJAT_x",
      "timestamp" : 1531590705625,
      "play_cursor_in_milliseconds" : 0,
      "media_length_in_milliseconds" : 1621000,
      "is_done" : false,
      "media_type" : "TV",
      "canonical_id" : "umc.cmc.avu2k8zh4z2vhjlejjndpsri",
      "canonical_show_id" : "umc.cmc.5ir3dmyl42miy9h2gxvz551ql"
    },
    "event_interpretation" : {
      "human_readable_media_description" : "Veep (Episode Number: [7], Episode Title: [Shutdown], Season Number: [2])",
      "human_readable_timestamp" : "Sat Jul 14 10:51:45 PDT 2018",
      "human_readable_brand" : "HBO GO"
    }
  }, {
    "stored_event" : {
      "bundle_id" : "com.hbo.hbogo",
      "brand_id" : "tvs.sbd.9002",
      "external_playable_id" : "urn:hbo:episode:GVU4J7woAHYNJjhsJAbTm",
      "external_show_id" : "urn:hbo:series:GVU2fLgkp0lFvjSoJAT_x",
      "timestamp" : 1531089977990,
      "play_cursor_in_milliseconds" : 857761,
      "media_length_in_milliseconds" : 1705000,
      "is_done" : false,
      "media_type" : "TV",
      "canonical_id" : "umc.cmc.1muuom2vvbqtswg5jq13v58lg",
      "canonical_show_id" : "umc.cmc.5ir3dmyl42miy9h2gxvz551ql"
    },
    "event_interpretation" : {
      "human_readable_media_description" : "Veep (Episode Number: [5], Episode Title: [Helsinki], Season Number: [2])",
      "human_readable_timestamp" : "Sun Jul 08 15:46:17 PDT 2018",
      "human_readable_brand" : "HBO GO"
    }
  }, {
    "stored_event" : {
      "bundle_id" : "com.hbo.hbogo",
      "brand_id" : "tvs.sbd.9002",
      "external_playable_id" : "urn:hbo:episode:GVU3SgAEzqI7DwvwIAXzK",
      "external_show_id" : "urn:hbo:series:GVU2fLgkp0lFvjSoJAT_x",
      "timestamp" : 1529884157930,
      "play_cursor_in_milliseconds" : 3801,
      "media_length_in_milliseconds" : 1715000,
      "is_done" : false,
      "media_type" : "TV",
      "canonical_id" : "umc.cmc.790fm3g608nwo067a0uazwh3w",
      "canonical_show_id" : "umc.cmc.5ir3dmyl42miy9h2gxvz551ql"
    },
    "event_interpretation" : {
      "human_readable_media_description" : "Veep (Episode Number: [4], Episode Title: [The Vic Allen Dinner], Season Number: [2])",
      "human_readable_timestamp" : "Sun Jun 24 16:49:17 PDT 2018",
      "human_readable_brand" : "HBO GO"
    }
  }, {
    "stored_event" : {
      "bundle_id" : "com.hbo.hbogo",
      "brand_id" : "tvs.sbd.9002",
      "external_playable_id" : "urn:hbo:episode:GWtT4sQuOori8vQEAAABz",
      "external_show_id" : "urn:hbo:series:GV7xwpQNK8MJfPwEAAAG_",
      "timestamp" : 1529784609242,
      "play_cursor_in_milliseconds" : 1418203,
      "media_length_in_milliseconds" : 3709000,
      "is_done" : false,
      "media_type" : "TV",
      "canonical_id" : "umc.cmc.2ti3r7fh8u5ja8qu4skzisj9o",
      "canonical_show_id" : "umc.cmc.305ub24u3ci7x1lu4xyoynbar"
    },
    "event_interpretation" : {
      "human_readable_media_description" : "Westworld (Episode Number: [9], Episode Title: [Vanishing Point], Season Number: [2])",
      "human_readable_timestamp" : "Sat Jun 23 13:10:09 PDT 2018",
      "human_readable_brand" : "HBO GO"
    }
  }, {
    "stored_event" : {
      "bundle_id" : "com.hbo.hbogo",
      "brand_id" : "tvs.sbd.9002",
      "external_playable_id" : "urn:hbo:episode:GWtT4rwoqAbi8vQEAAABx",
      "external_show_id" : "urn:hbo:series:GV7xwpQNK8MJfPwEAAAG_",
      "timestamp" : 1529281867280,
      "play_cursor_in_milliseconds" : 2903680,
      "media_length_in_milliseconds" : 3660000,
      "is_done" : false,
      "media_type" : "TV",
      "canonical_id" : "umc.cmc.4kcla53khx6gnu80b4kxgdjud",
      "canonical_show_id" : "umc.cmc.305ub24u3ci7x1lu4xyoynbar"
    },
    "event_interpretation" : {
      "human_readable_media_description" : "Westworld (Episode Number: [8], Episode Title: [Kiksuya], Season Number: [2])",
      "human_readable_timestamp" : "Sun Jun 17 17:31:07 PDT 2018",
      "human_readable_brand" : "HBO GO"
    }
  }, {
    "stored_event" : {
      "bundle_id" : "com.hbo.hbogo",
      "brand_id" : "tvs.sbd.9002",
      "external_playable_id" : "urn:hbo:episode:GWqrERAB9Nyl0YAEAAAAy",
      "external_show_id" : "urn:hbo:series:GVU2WugfAylFvjSoJATvA",
      "timestamp" : 1526342255491,
      "play_cursor_in_milliseconds" : 424201,
      "media_length_in_milliseconds" : 1845000,
      "is_done" : false,
      "media_type" : "TV",
      "canonical_id" : "umc.cmc.51b63pm5bsad3598emj4o0dvk",
      "canonical_show_id" : "umc.cmc.4v7y09m6sa22lpe3bqomh27a"
    },
    "event_interpretation" : {
      "human_readable_media_description" : "Silicon Valley (Episode Number: [8], Episode Title: [Fifty-One Percent], Season Number: [5])",
      "human_readable_timestamp" : "Mon May 14 16:57:35 PDT 2018",
      "human_readable_brand" : "HBO GO"
    }
  }, {
    "stored_event" : {
      "bundle_id" : "com.hbo.hbogo",
      "brand_id" : "tvs.sbd.9002",
      "external_playable_id" : "urn:hbo:episode:GWoSlwg1trU7DKwEAAAGy",
      "external_show_id" : "urn:hbo:series:GVU2WugfAylFvjSoJATvA",
      "timestamp" : 1523401521693,
      "play_cursor_in_milliseconds" : 1185601,
      "media_length_in_milliseconds" : 1958000,
      "is_done" : false,
      "media_type" : "TV",
      "canonical_id" : "umc.cmc.e1vuidtrnyxrmsgq094ti9ev",
      "canonical_show_id" : "umc.cmc.4v7y09m6sa22lpe3bqomh27a"
    },
    "event_interpretation" : {
      "human_readable_media_description" : "Silicon Valley (Episode Number: [3], Episode Title: [Chief Operating Officer], Season Number: [5])",
      "human_readable_timestamp" : "Tue Apr 10 16:05:21 PDT 2018",
      "human_readable_brand" : "HBO GO"
    }
  }, {
    "stored_event" : {
      "bundle_id" : "com.hbo.hbogo",
      "brand_id" : "tvs.sbd.9002",
      "external_playable_id" : "urn:hbo:episode:GVw1c_AQdNa6XhJYJAACl",
      "external_show_id" : "urn:hbo:series:GVU2fLgkp0lFvjSoJAT_x",
      "timestamp" : 1523196512821,
      "play_cursor_in_milliseconds" : 907901,
      "media_length_in_milliseconds" : 1884000,
      "is_done" : false,
      "media_type" : "TV",
      "canonical_id" : "umc.cmc.2qcw1z1xriksisk0znwaawif6",
      "canonical_show_id" : "umc.cmc.5ir3dmyl42miy9h2gxvz551ql"
    },
    "event_interpretation" : {
      "human_readable_media_description" : "Veep (Episode Number: [7], Episode Title: [Congressional Ball], Season Number: [5])",
      "human_readable_timestamp" : "Sun Apr 08 07:08:32 PDT 2018",
      "human_readable_brand" : "HBO GO"
    }
  }, {
    "stored_event" : {
      "bundle_id" : "com.hbo.hbogo",
      "brand_id" : "tvs.sbd.9002",
      "external_playable_id" : "urn:hbo:episode:GWn4fTA5HD8LCNAEAAAAD",
      "external_show_id" : "urn:hbo:series:GVU2WugfAylFvjSoJATvA",
      "timestamp" : 1522108555557,
      "play_cursor_in_milliseconds" : 1042901,
      "media_length_in_milliseconds" : 1937000,
      "is_done" : false,
      "media_type" : "TV",
      "canonical_id" : "umc.cmc.159tw0570mdi5ushlejejse4m",
      "canonical_show_id" : "umc.cmc.4v7y09m6sa22lpe3bqomh27a"
    },
    "event_interpretation" : {
      "human_readable_media_description" : "Silicon Valley (Episode Number: [1], Episode Title: [Grow Fast or Die Slow], Season Number: [5])",
      "human_readable_timestamp" : "Mon Mar 26 16:55:55 PDT 2018",
      "human_readable_brand" : "HBO GO"
    }
  }, {
    "stored_event" : {
      "bundle_id" : "com.hbo.hbogo",
      "brand_id" : "tvs.sbd.9002",
      "external_playable_id" : "urn:hbo:episode:GVU4yiwqgioNJjhsJAdu7",
      "external_show_id" : "urn:hbo:series:GVU2g_AGQXI7DwvwIAUSp",
      "timestamp" : 1520198174555,
      "play_cursor_in_milliseconds" : 8101,
      "media_length_in_milliseconds" : 1512000,
      "is_done" : false,
      "media_type" : "TV",
      "canonical_id" : "umc.cmc.5ar5rf2ov3exxy3yorj6vskij",
      "canonical_show_id" : "umc.cmc.5ur4tw9jfs761bhteqxakssh3"
    },
    "event_interpretation" : {
      "human_readable_media_description" : "Entourage (Episode Number: [7], Episode Title: [No More Drama], Season Number: [6])",
      "human_readable_timestamp" : "Sun Mar 04 13:16:14 PST 2018",
      "human_readable_brand" : "HBO GO"
    }
  }, {
    "stored_event" : {
      "bundle_id" : "com.hbo.hbogo",
      "brand_id" : "tvs.sbd.9002",
      "external_playable_id" : "urn:hbo:episode:GVU3jgQYRzoNJjhsJAYwm",
      "external_show_id" : "urn:hbo:series:GVU2fLgkp0lFvjSoJAT_x",
      "timestamp" : 1514652052828,
      "play_cursor_in_milliseconds" : 771701,
      "media_length_in_milliseconds" : 1901000,
      "is_done" : false,
      "media_type" : "TV",
      "canonical_id" : "umc.cmc.2jwpkj1uzi7g2sqsxyz7yiv2p",
      "canonical_show_id" : "umc.cmc.5ir3dmyl42miy9h2gxvz551ql"
    },
    "event_interpretation" : {
      "human_readable_media_description" : "Veep (Episode Number: [9], Episode Title: [Testimony], Season Number: [4])",
      "human_readable_timestamp" : "Sat Dec 30 08:40:52 PST 2017",
      "human_readable_brand" : "HBO GO"
    }
  }, {
    "stored_event" : {
      "bundle_id" : "com.hbo.hbogo",
      "brand_id" : "tvs.sbd.9002",
      "external_playable_id" : "urn:hbo:episode:GVU3NoAcrQVFvjSoJAXTs",
      "external_show_id" : "urn:hbo:series:GVU2fLgkp0lFvjSoJAT_x",
      "timestamp" : 1514609796108,
      "play_cursor_in_milliseconds" : 0,
      "media_length_in_milliseconds" : 1769000,
      "is_done" : false,
      "media_type" : "TV",
      "canonical_id" : "umc.cmc.4138mrftq8iedq2scc3by47in",
      "canonical_show_id" : "umc.cmc.5ir3dmyl42miy9h2gxvz551ql"
    },
    "event_interpretation" : {
      "human_readable_media_description" : "Veep (Episode Number: [6], Episode Title: [Storms and Pancakes], Season Number: [4])",
      "human_readable_timestamp" : "Fri Dec 29 20:56:36 PST 2017",
      "human_readable_brand" : "HBO GO"
    }
  }, {
    "stored_event" : {
      "bundle_id" : "com.hbo.hbogo",
      "brand_id" : "tvs.sbd.9002",
      "external_playable_id" : "urn:hbo:episode:GVU20vwDNo47DwvwIAVwB",
      "external_show_id" : "urn:hbo:series:GVU2fLgkp0lFvjSoJAT_x",
      "timestamp" : 1513569413302,
      "play_cursor_in_milliseconds" : 1715101,
      "media_length_in_milliseconds" : 1803000,
      "is_done" : true,
      "media_type" : "TV",
      "canonical_id" : "umc.cmc.3qsmp3w2ekppm6trd371xdwfj",
      "canonical_show_id" : "umc.cmc.5ir3dmyl42miy9h2gxvz551ql"
    },
    "event_interpretation" : {
      "human_readable_media_description" : "Veep (Episode Number: [5], Episode Title: [Convention], Season Number: [4])",
      "human_readable_timestamp" : "Sun Dec 17 19:56:53 PST 2017",
      "human_readable_brand" : "HBO GO"
    }
  }, {
    "stored_event" : {
      "bundle_id" : "com.hbo.hbogo",
      "brand_id" : "tvs.sbd.9002",
      "external_playable_id" : "urn:hbo:episode:GVU2l-AkAG1FvjSoJAUmQ",
      "external_show_id" : "urn:hbo:series:GVU2gkAgT4oNJjhsJAUDk",
      "timestamp" : 1511672093823,
      "play_cursor_in_milliseconds" : 0,
      "media_length_in_milliseconds" : 3377000,
      "is_done" : false,
      "media_type" : "TV",
      "canonical_id" : "umc.cmc.1ajfqb006n0jpvzchsa2uzo7",
      "canonical_show_id" : "umc.cmc.73x6fvjkh3m9uq42w1f97pxop"
    },
    "event_interpretation" : {
      "human_readable_media_description" : "The Wire (Episode Number: [12], Episode Title: [Cleaning Up], Season Number: [1])",
      "human_readable_timestamp" : "Sat Nov 25 20:54:53 PST 2017",
      "human_readable_brand" : "HBO GO"
    }
  }, {
    "stored_event" : {
      "bundle_id" : "com.hbo.hbogo",
      "brand_id" : "tvs.sbd.9002",
      "external_playable_id" : "urn:hbo:episode:GVvL9kgFCzsPDw30JAABf",
      "external_show_id" : "urn:hbo:series:GVU2fLgkp0lFvjSoJAT_x",
      "timestamp" : 1508073595300,
      "play_cursor_in_milliseconds" : 852102,
      "media_length_in_milliseconds" : 1907000,
      "is_done" : false,
      "media_type" : "TV",
      "canonical_id" : "umc.cmc.2csmyp095lf82lj97j7jnka0q",
      "canonical_show_id" : "umc.cmc.5ir3dmyl42miy9h2gxvz551ql"
    },
    "event_interpretation" : {
      "human_readable_media_description" : "Veep (Episode Number: [4], Episode Title: [Mother], Season Number: [5])",
      "human_readable_timestamp" : "Sun Oct 15 06:19:55 PDT 2017",
      "human_readable_brand" : "HBO GO"
    }
  }, {
    "stored_event" : {
      "bundle_id" : "com.hbo.hbogo",
      "brand_id" : "tvs.sbd.9002",
      "external_playable_id" : "urn:hbo:episode:GVU3BrAmCxoNJjhsJAWbc",
      "external_show_id" : "urn:hbo:series:GVU2fLgkp0lFvjSoJAT_x",
      "timestamp" : 1507473088449,
      "play_cursor_in_milliseconds" : 1688301,
      "media_length_in_milliseconds" : 1750000,
      "is_done" : true,
      "media_type" : "TV",
      "canonical_id" : "umc.cmc.77q2h1gqbw06b0fosx76pcld0",
      "canonical_show_id" : "umc.cmc.5ir3dmyl42miy9h2gxvz551ql"
    },
    "event_interpretation" : {
      "human_readable_media_description" : "Veep (Episode Number: [8], Episode Title: [B/ill], Season Number: [4])",
      "human_readable_timestamp" : "Sun Oct 08 07:31:28 PDT 2017",
      "human_readable_brand" : "HBO GO"
    }
  }, {
    "stored_event" : {
      "bundle_id" : "com.hbo.hbogo",
      "brand_id" : "tvs.sbd.9002",
      "external_playable_id" : "urn:hbo:episode:GVU2fLgpskYNJjhsJAT77",
      "external_show_id" : "urn:hbo:series:GVU2fLgkp0lFvjSoJAT_x",
      "timestamp" : 1506741237497,
      "play_cursor_in_milliseconds" : 0,
      "media_length_in_milliseconds" : 1650000,
      "is_done" : false,
      "media_type" : "TV",
      "canonical_id" : "umc.cmc.6c4dehz1fhemqaao1hx7jutut",
      "canonical_show_id" : "umc.cmc.5ir3dmyl42miy9h2gxvz551ql"
    },
    "event_interpretation" : {
      "human_readable_media_description" : "Veep (Episode Number: [2], Episode Title: [Signals], Season Number: [2])",
      "human_readable_timestamp" : "Fri Sep 29 20:13:57 PDT 2017",
      "human_readable_brand" : "HBO GO"
    }
  }, {
    "stored_event" : {
      "bundle_id" : "com.hbo.hbogo",
      "brand_id" : "tvs.sbd.9002",
      "external_playable_id" : "urn:hbo:episode:GVU3RjgV3RINJjhsJAXgY",
      "external_show_id" : "urn:hbo:series:GVU2fLgkp0lFvjSoJAT_x",
      "timestamp" : 1506297608878,
      "play_cursor_in_milliseconds" : 1653901,
      "media_length_in_milliseconds" : 1656000,
      "is_done" : true,
      "media_type" : "TV",
      "canonical_id" : "umc.cmc.hrqxc5oyj8t1sbzy6gnh3jho",
      "canonical_show_id" : "umc.cmc.5ir3dmyl42miy9h2gxvz551ql"
    },
    "event_interpretation" : {
      "human_readable_media_description" : "Veep (Episode Number: [1], Episode Title: [Midterms], Season Number: [2])",
      "human_readable_timestamp" : "Sun Sep 24 17:00:08 PDT 2017",
      "human_readable_brand" : "HBO GO"
    }
  }, {
    "stored_event" : {
      "bundle_id" : "com.hbo.hbogo",
      "brand_id" : "tvs.sbd.9002",
      "external_playable_id" : "urn:hbo:episode:GVU4PyQpjoFFvjSoJAbvi",
      "external_show_id" : "urn:hbo:series:GVU2fLgkp0lFvjSoJAT_x",
      "timestamp" : 1506264397898,
      "play_cursor_in_milliseconds" : 1503801,
      "media_length_in_milliseconds" : 1581000,
      "is_done" : true,
      "media_type" : "TV",
      "canonical_id" : "umc.cmc.1bmiz18y0wjddyi076jqpdzou",
      "canonical_show_id" : "umc.cmc.5ir3dmyl42miy9h2gxvz551ql"
    },
    "event_interpretation" : {
      "human_readable_media_description" : "Veep (Episode Number: [6], Episode Title: [Baseball], Season Number: [1])",
      "human_readable_timestamp" : "Sun Sep 24 07:46:37 PDT 2017",
      "human_readable_brand" : "HBO GO"
    }
  }, {
    "stored_event" : {
      "bundle_id" : "com.hbo.hbogo",
      "brand_id" : "tvs.sbd.9002",
      "external_playable_id" : "urn:hbo:episode:GVU3DCgZGioNJjhsJAWh_",
      "external_show_id" : "urn:hbo:series:GVU2fLgkp0lFvjSoJAT_x",
      "timestamp" : 1506228481420,
      "play_cursor_in_milliseconds" : 1587601,
      "media_length_in_milliseconds" : 1591000,
      "is_done" : true,
      "media_type" : "TV",
      "canonical_id" : "umc.cmc.1nuylacjjm4dddo6jcwxg99d",
      "canonical_show_id" : "umc.cmc.5ir3dmyl42miy9h2gxvz551ql"
    },
    "event_interpretation" : {
      "human_readable_media_description" : "Veep (Episode Number: [5], Episode Title: [Nicknames], Season Number: [1])",
      "human_readable_timestamp" : "Sat Sep 23 21:48:01 PDT 2017",
      "human_readable_brand" : "HBO GO"
    }
  }, {
    "stored_event" : {
      "bundle_id" : "com.hbo.hbogo",
      "brand_id" : "tvs.sbd.9002",
      "external_playable_id" : "urn:hbo:episode:GVU4m1QS03I7DwvwIAdWH",
      "external_show_id" : "urn:hbo:series:GVU2fLgkp0lFvjSoJAT_x",
      "timestamp" : 1505998522451,
      "play_cursor_in_milliseconds" : 9001,
      "media_length_in_milliseconds" : 1690000,
      "is_done" : false,
      "media_type" : "TV",
      "canonical_id" : "umc.cmc.5gwhu69ehjt3zqolj043lfn99",
      "canonical_show_id" : "umc.cmc.5ir3dmyl42miy9h2gxvz551ql"
    },
    "event_interpretation" : {
      "human_readable_media_description" : "Veep (Episode Number: [4], Episode Title: [Chung], Season Number: [1])",
      "human_readable_timestamp" : "Thu Sep 21 05:55:22 PDT 2017",
      "human_readable_brand" : "HBO GO"
    }
  }, {
    "stored_event" : {
      "bundle_id" : "com.apple.iTunes",
      "brand_id" : "tvs.sbd.2000",
      "external_playable_id" : "1270591299",
      "external_show_id" : "1211805407",
      "timestamp" : 1505519528516,
      "play_cursor_in_milliseconds" : 704365,
      "media_length_in_milliseconds" : 978000,
      "is_done" : false,
      "media_type" : "TV",
      "canonical_id" : "umc.cmc.4jjqek6okg0obcg0p03yq7gjs",
      "canonical_show_id" : "umc.cmc.2wyy7chw6bmy46fekqlqq1ulb"
    },
    "event_interpretation" : {
      "human_readable_media_description" : "Carpool Karaoke (Episode Number: [3], Episode Title: [Billy Eichner & Metallica], Season Number: [1])",
      "human_readable_timestamp" : "Fri Sep 15 16:52:08 PDT 2017",
      "human_readable_brand" : "Apple Music"
    }
  }, {
    "stored_event" : {
      "bundle_id" : "com.apple.iTunes",
      "brand_id" : "tvs.sbd.2000",
      "external_playable_id" : "1273501497",
      "external_show_id" : "1211805407",
      "timestamp" : 1505519081861,
      "play_cursor_in_milliseconds" : 621291,
      "media_length_in_milliseconds" : 1010000,
      "is_done" : false,
      "media_type" : "TV",
      "canonical_id" : "umc.cmc.1u9vyw6akqrtlgrr5sy4dnjn6",
      "canonical_show_id" : "umc.cmc.2wyy7chw6bmy46fekqlqq1ulb"
    },
    "event_interpretation" : {
      "human_readable_media_description" : "Carpool Karaoke (Episode Number: [4], Episode Title: [Maisie Williams & Sophie Turner], Season Number: [1])",
      "human_readable_timestamp" : "Fri Sep 15 16:44:41 PDT 2017",
      "human_readable_brand" : "Apple Music"
    }
  }, {
    "stored_event" : {
      "bundle_id" : "com.apple.iTunes",
      "brand_id" : "tvs.sbd.2000",
      "external_playable_id" : "1259108856",
      "timestamp" : 1505518449074,
      "play_cursor_in_milliseconds" : 269875,
      "media_length_in_milliseconds" : 3095000,
      "is_done" : false,
      "media_type" : "MOVIE",
      "canonical_id" : "umc.cmc.5v49afs6yzp6s14h0xzul6ltt"
    },
    "event_interpretation" : {
      "human_readable_media_description" : "Kygo: Stole the Show (Directed by: [Devin Chanda], Released in: [2017])",
      "human_readable_timestamp" : "Fri Sep 15 16:34:09 PDT 2017",
      "human_readable_brand" : "Apple Music"
    }
  }, {
    "stored_event" : {
      "bundle_id" : "com.apple.iTunes",
      "brand_id" : "tvs.sbd.2000",
      "external_playable_id" : "1240041949",
      "timestamp" : 1505490928585,
      "play_cursor_in_milliseconds" : 2301591,
      "media_length_in_milliseconds" : 7914000,
      "is_done" : false,
      "media_type" : "MOVIE",
      "canonical_id" : "umc.cmc.21k0ftjluymzpyixl8fosxqwy"
    },
    "event_interpretation" : {
      "human_readable_media_description" : "The 1989 World Tour (Released in: [2017])",
      "human_readable_timestamp" : "Fri Sep 15 08:55:28 PDT 2017",
      "human_readable_brand" : "Apple Music"
    }
  }, {
    "stored_event" : {
      "bundle_id" : "com.hbo.hbogo",
      "brand_id" : "tvs.sbd.9002",
      "external_playable_id" : "urn:hbo:episode:GWSL97gx3ioqXwgEAAAAh",
      "external_show_id" : "urn:hbo:series:GVU2cggagzYNJjhsJATwo",
      "timestamp" : 1501005092536,
      "play_cursor_in_milliseconds" : 3946901,
      "media_length_in_milliseconds" : 3947000,
      "is_done" : true,
      "media_type" : "TV",
      "canonical_id" : "umc.cmc.4gffn0rlhhoktfi0evpgsng70",
      "canonical_show_id" : "umc.cmc.7htjb4sh74ynzxavta5boxuzq"
    },
    "event_interpretation" : {
      "human_readable_media_description" : "Game of Thrones (Episode Number: [2], Episode Title: [Stormborn], Season Number: [7])",
      "human_readable_timestamp" : "Tue Jul 25 10:51:32 PDT 2017",
      "human_readable_brand" : "HBO GO"
    }
  }, {
    "stored_event" : {
      "bundle_id" : "com.hbo.hbogo",
      "brand_id" : "tvs.sbd.9002",
      "external_playable_id" : "urn:hbo:episode:GWSL97g2lpwjDwgEAAAAl",
      "external_show_id" : "urn:hbo:series:GVU2cggagzYNJjhsJATwo",
      "timestamp" : 1500434167060,
      "play_cursor_in_milliseconds" : 3669202,
      "media_length_in_milliseconds" : 4113000,
      "is_done" : true,
      "media_type" : "TV",
      "canonical_id" : "umc.cmc.7kdbuj2sqyrvcls8v97zs9psh",
      "canonical_show_id" : "umc.cmc.7htjb4sh74ynzxavta5boxuzq"
    },
    "event_interpretation" : {
      "human_readable_media_description" : "Game of Thrones (Episode Number: [1], Episode Title: [Dragonstone], Season Number: [7])",
      "human_readable_timestamp" : "Tue Jul 18 20:16:07 PDT 2017",
      "human_readable_brand" : "HBO GO"
    }
  }, {
    "stored_event" : {
      "bundle_id" : "com.apple.iTunes",
      "brand_id" : "tvs.sbd.2000",
      "external_playable_id" : "1251244843",
      "timestamp" : 1499697379939,
      "play_cursor_in_milliseconds" : 0,
      "media_length_in_milliseconds" : 4844000,
      "is_done" : false,
      "media_type" : "MOVIE",
      "canonical_id" : "umc.cmc.1mh14psymb3tcs253z95djbj8"
    },
    "event_interpretation" : {
      "human_readable_media_description" : "Can't Stop Won't Stop: A Bad Boy Story (Directed by: [Daniel Kaufman], Released in: [2017])",
      "human_readable_timestamp" : "Mon Jul 10 07:36:19 PDT 2017",
      "human_readable_brand" : "Apple Music"
    }
  } ],
  "generated_at_timestamp" : "Thu Jun 25 11:18:05 PDT 2020"
}